-5KQ66BBWC4,0902,0.077,0.151,0.283,0.811,1,1.0000
-5KQ66BBWC4,0902,0.226,0.032,0.366,0.497,1,1.0000
-5KQ66BBWC4,0902,0.332,0.194,0.481,0.891,1,1.0000
-5KQ66BBWC4,0902,0.805,0.222,0.997,1.000,1,1.0000
-5KQ66BBWC4,0902,0.226,0.032,0.366,0.497,5,1.0000
-5KQ66BBWC4,0903,0.000,0.162,0.177,0.804,1,1.0000
-5KQ66BBWC4,0903,0.141,0.158,0.298,0.825,1,1.0000
-5KQ66BBWC4,0903,0.226,0.026,0.363,0.512,1,1.0000
-5KQ66BBWC4,0903,0.328,0.182,0.484,0.895,1,1.0000
-5KQ66BBWC4,0903,0.507,0.147,0.666,0.789,1,1.0000
-5KQ66BBWC4,0903,0.785,0.150,0.886,0.703,1,1.0000
-5KQ66BBWC4,0903,0.802,0.267,0.994,0.971,1,1.0000
-5KQ66BBWC4,0903,0.865,0.158,0.991,0.436,1,1.0000
-5KQ66BBWC4,0904,0.217,0.008,0.982,0.966,1,1.0000
-5KQ66BBWC4,0905,0.192,0.072,0.411,0.970,1,1.0000
-5KQ66BBWC4,0905,0.614,0.078,0.826,0.975,1,1.0000
-5KQ66BBWC4,0905,0.392,0.033,0.556,0.618,5,1.0000
-5KQ66BBWC4,0906,0.408,0.008,0.586,0.639,5,1.0000
-5KQ66BBWC4,0907,0.420,0.115,0.616,0.883,5,1.0000
-5KQ66BBWC4,0908,0.046,0.072,0.340,1.000,1,1.0000
-5KQ66BBWC4,0908,0.380,0.086,0.693,0.991,5,1.0000
-5KQ66BBWC4,0909,0.118,0.010,0.889,0.984,2,1.0000
-5KQ66BBWC4,0909,0.118,0.010,0.889,0.984,5,1.0000
-5KQ66BBWC4,0910,0.053,0.045,0.824,0.983,2,1.0000
-5KQ66BBWC4,0910,0.053,0.045,0.824,0.983,5,1.0000
-5KQ66BBWC4,0911,0.037,0.025,0.826,0.978,2,1.0000
-5KQ66BBWC4,0911,0.037,0.025,0.826,0.978,5,1.0000
-5KQ66BBWC4,0912,0.000,0.114,0.602,1.000,1,1.0000
-5KQ66BBWC4,0912,0.374,0.151,0.874,0.982,1,1.0000
-5KQ66BBWC4,0912,0.374,0.151,0.874,0.982,2,1.0000
-5KQ66BBWC4,0912,0.000,0.114,0.602,1.000,3,1.0000
-5KQ66BBWC4,0913,0.000,0.147,0.564,0.992,1,1.0000
-5KQ66BBWC4,0913,0.385,0.150,0.883,0.987,1,1.0000
-5KQ66BBWC4,0913,0.385,0.150,0.883,0.987,2,1.0000
-5KQ66BBWC4,0913,0.000,0.000,0.282,0.638,3,1.0000
-5KQ66BBWC4,0913,0.000,0.147,0.564,0.992,3,1.0000
-5KQ66BBWC4,0914,0.000,0.137,0.600,1.000,1,1.0000
-5KQ66BBWC4,0914,0.384,0.161,0.882,0.995,1,1.0000
-5KQ66BBWC4,0914,0.000,0.137,0.600,1.000,2,1.0000
-5KQ66BBWC4,0914,0.384,0.161,0.882,0.995,2,1.0000
-5KQ66BBWC4,0914,0.000,0.137,0.600,1.000,3,1.0000
-5KQ66BBWC4,0915,0.290,0.217,0.680,0.975,1,1.0000
-5KQ66BBWC4,0915,0.541,0.211,0.657,0.447,1,1.0000
-5KQ66BBWC4,0915,0.612,0.246,0.811,0.969,1,1.0000
-5KQ66BBWC4,0915,0.290,0.217,0.680,0.975,2,1.0000
-5KQ66BBWC4,0915,0.541,0.211,0.657,0.447,3,1.0000
-5KQ66BBWC4,0915,0.612,0.246,0.811,0.969,3,1.0000
-5KQ66BBWC4,0915,0.700,0.077,1.000,0.991,3,1.0000
-5KQ66BBWC4,0915,0.290,0.217,0.680,0.975,5,1.0000
-5KQ66BBWC4,0916,0.090,0.304,0.296,1.000,1,1.0000
-5KQ66BBWC4,0916,0.297,0.211,0.666,0.978,1,1.0000
-5KQ66BBWC4,0916,0.544,0.214,0.661,0.450,1,1.0000
-5KQ66BBWC4,0916,0.612,0.238,0.816,0.971,1,1.0000
-5KQ66BBWC4,0916,0.692,0.142,0.998,0.989,1,1.0000
-5KQ66BBWC4,0916,0.753,0.240,0.858,0.444,1,1.0000
-5KQ66BBWC4,0916,0.297,0.211,0.666,0.978,2,1.0000
-5KQ66BBWC4,0916,0.090,0.304,0.296,1.000,3,1.0000
-5KQ66BBWC4,0916,0.544,0.214,0.661,0.450,3,1.0000
-5KQ66BBWC4,0916,0.612,0.238,0.816,0.971,3,1.0000
-5KQ66BBWC4,0916,0.692,0.142,0.998,0.989,3,1.0000
-5KQ66BBWC4,0916,0.753,0.240,0.858,0.444,3,1.0000
-5KQ66BBWC4,0916,0.297,0.211,0.666,0.978,5,1.0000
-5KQ66BBWC4,0917,0.086,0.324,0.293,0.992,1,1.0000
-5KQ66BBWC4,0917,0.294,0.224,0.684,0.986,1,1.0000
-5KQ66BBWC4,0917,0.542,0.215,0.659,0.452,1,1.0000
-5KQ66BBWC4,0917,0.608,0.250,0.811,0.947,1,1.0000
-5KQ66BBWC4,0917,0.685,0.207,1.000,1.000,1,1.0000
-5KQ66BBWC4,0917,0.753,0.246,0.857,0.445,1,1.0000
-5KQ66BBWC4,0917,0.294,0.224,0.684,0.986,2,1.0000
-5KQ66BBWC4,0917,0.086,0.324,0.293,0.992,3,1.0000
-5KQ66BBWC4,0917,0.542,0.215,0.659,0.452,3,1.0000
-5KQ66BBWC4,0917,0.608,0.250,0.811,0.947,3,1.0000
-5KQ66BBWC4,0917,0.685,0.207,1.000,1.000,3,1.0000
-5KQ66BBWC4,0917,0.753,0.246,0.857,0.445,3,1.0000
-5KQ66BBWC4,0917,0.294,0.224,0.684,0.986,5,1.0000
-5KQ66BBWC4,0918,0.193,0.155,0.735,0.988,1,1.0000
-5KQ66BBWC4,0918,0.541,0.170,0.700,0.497,1,1.0000
-5KQ66BBWC4,0918,0.661,0.244,0.904,0.958,1,1.0000
-5KQ66BBWC4,0918,0.815,0.204,0.971,0.486,1,1.0000
-5KQ66BBWC4,0918,0.193,0.155,0.735,0.988,2,1.0000
-5KQ66BBWC4,0918,0.541,0.170,0.700,0.497,3,1.0000
-5KQ66BBWC4,0918,0.661,0.244,0.904,0.958,3,1.0000
-5KQ66BBWC4,0918,0.193,0.155,0.735,0.988,5,1.0000
-5KQ66BBWC4,0919,0.021,0.010,0.834,0.982,1,1.0000
-5KQ66BBWC4,0919,0.021,0.010,0.834,0.982,2,1.0000
-5KQ66BBWC4,0919,0.021,0.010,0.834,0.982,5,1.0000
-5KQ66BBWC4,0920,0.053,0.000,0.861,0.999,2,1.0000
-5KQ66BBWC4,0922,0.206,0.168,0.805,0.970,5,1.0000
-5KQ66BBWC4,0925,0.285,0.233,0.541,0.930,1,1.0000
-5KQ66BBWC4,0925,0.285,0.233,0.541,0.930,5,1.0000
-5KQ66BBWC4,0926,0.378,0.222,0.887,0.959,1,1.0000
-5KQ66BBWC4,0932,0.088,0.241,0.253,0.897,1,1.0000
-5KQ66BBWC4,0933,0.017,0.179,0.184,0.874,1,1.0000
-5KQ66BBWC4,0933,0.221,0.300,0.677,1.000,1,1.0000
-5KQ66BBWC4,0933,0.604,0.187,0.766,0.760,1,1.0000
-5KQ66BBWC4,0934,0.012,0.111,0.344,0.976,1,1.0000
-5KQ66BBWC4,0934,0.235,0.156,0.334,0.367,1,1.0000
-5KQ66BBWC4,0934,0.294,0.159,0.464,0.815,1,1.0000
-5KQ66BBWC4,0934,0.419,0.165,0.537,0.391,1,1.0000
-5KQ66BBWC4,0935,0.247,0.223,0.382,0.508,1,1.0000
-5KQ66BBWC4,0935,0.313,0.089,0.866,0.964,1,1.0000
-5KQ66BBWC4,0935,0.361,0.222,0.478,0.448,1,1.0000
-5KQ66BBWC4,0935,0.502,0.224,0.647,0.436,1,1.0000
-5KQ66BBWC4,0936,0.136,0.195,0.304,0.662,1,1.0000
-5KQ66BBWC4,0936,0.347,0.073,0.792,0.979,1,1.0000
-5KQ66BBWC4,0938,0.230,0.158,0.494,0.856,1,1.0000
-5KQ66BBWC4,0939,0.285,0.091,0.770,0.948,1,1.0000
-5KQ66BBWC4,0941,0.665,0.252,0.996,0.996,1,1.0000
-5KQ66BBWC4,0944,0.019,0.182,0.462,0.876,1,1.0000
-5KQ66BBWC4,0945,0.142,0.109,0.562,0.980,1,1.0000
-5KQ66BBWC4,0946,0.090,0.187,0.313,0.974,1,1.0000
-5KQ66BBWC4,0947,0.741,0.067,0.889,0.510,1,1.0000
-5KQ66BBWC4,0947,0.882,0.093,1.000,0.654,1,1.0000
-5KQ66BBWC4,0948,0.740,0.138,0.892,0.556,1,1.0000
-5KQ66BBWC4,0948,0.881,0.173,1.000,0.727,1,1.0000
-5KQ66BBWC4,0949,0.148,0.083,0.456,0.934,1,1.0000
-5KQ66BBWC4,0949,0.418,0.184,0.523,0.666,1,1.0000
-5KQ66BBWC4,0949,0.742,0.128,0.890,0.568,1,1.0000
-5KQ66BBWC4,0949,0.879,0.162,1.000,0.709,1,1.0000
-5KQ66BBWC4,0950,0.567,0.164,0.729,0.852,1,1.0000
-5KQ66BBWC4,0951,0.649,0.139,0.886,1.000,1,1.0000
-5KQ66BBWC4,0951,0.860,0.146,0.980,0.832,1,1.0000
-5KQ66BBWC4,0952,0.302,0.175,0.542,0.952,1,1.0000
-5KQ66BBWC4,0952,0.783,0.202,0.894,0.825,1,1.0000
-5KQ66BBWC4,0952,0.861,0.191,1.000,0.944,1,1.0000
-5KQ66BBWC4,0953,0.822,0.151,0.993,0.863,1,1.0000
-5KQ66BBWC4,0954,0.867,0.165,1.000,0.857,1,1.0000
-5KQ66BBWC4,0958,0.232,0.134,0.349,0.715,1,1.0000
-5KQ66BBWC4,0958,0.323,0.193,0.460,0.713,1,1.0000
-5KQ66BBWC4,0958,0.408,0.172,0.512,0.700,1,1.0000
-5KQ66BBWC4,0958,0.555,0.269,0.918,1.000,1,1.0000
-5KQ66BBWC4,0958,0.592,0.157,0.691,0.342,1,1.0000
-5KQ66BBWC4,0958,0.750,0.178,0.860,0.408,1,1.0000
-5KQ66BBWC4,0958,0.770,0.314,0.941,0.782,1,1.0000
-5KQ66BBWC4,0959,0.236,0.154,0.336,0.681,1,1.0000
-5KQ66BBWC4,0959,0.323,0.192,0.455,0.687,1,1.0000
-5KQ66BBWC4,0959,0.408,0.162,0.491,0.317,1,1.0000
-5KQ66BBWC4,0959,0.591,0.153,0.704,0.632,1,1.0000
-5KQ66BBWC4,0959,0.670,0.191,0.784,0.737,1,1.0000
-5KQ66BBWC4,0959,0.899,0.152,0.996,0.688,1,1.0000
-5KQ66BBWC4,0959,0.670,0.191,0.784,0.737,5,1.0000
-5KQ66BBWC4,0960,0.231,0.210,0.591,0.987,1,1.0000
-5KQ66BBWC4,0960,0.589,0.119,0.701,0.624,1,1.0000
-5KQ66BBWC4,0961,0.591,0.127,0.708,0.618,1,1.0000
-5KQ66BBWC4,0961,0.663,0.143,0.803,0.712,1,1.0000
-5KQ66BBWC4,0961,0.752,0.143,0.856,0.625,1,1.0000
-5KQ66BBWC4,0962,0.237,0.128,0.348,0.691,1,1.0000
-5KQ66BBWC4,0962,0.323,0.180,0.463,0.687,1,1.0000
-5KQ66BBWC4,0962,0.408,0.146,0.506,0.673,1,1.0000
-5KQ66BBWC4,0962,0.607,0.292,0.966,0.971,1,1.0000
-5KQ66BBWC4,0969,0.126,0.052,0.968,0.865,2,1.0000
-5KQ66BBWC4,0971,0.150,0.027,1.000,0.941,2,1.0000
-5KQ66BBWC4,0978,0.009,0.034,0.781,0.992,4,1.0000
-5KQ66BBWC4,0988,0.328,0.464,0.469,0.869,2,1.0000
-5KQ66BBWC4,0989,0.202,0.311,0.370,0.808,2,1.0000
-5KQ66BBWC4,0993,0.275,0.262,0.422,0.812,2,1.0000
-5KQ66BBWC4,0994,0.295,0.066,0.543,0.923,2,1.0000
-5KQ66BBWC4,1003,0.031,0.249,0.822,0.997,2,1.0000
-5KQ66BBWC4,1004,0.058,0.194,0.944,1.000,2,1.0000
-5KQ66BBWC4,1010,0.290,0.044,1.000,1.000,4,1.0000
-5KQ66BBWC4,1010,0.290,0.044,1.000,1.000,5,1.0000
-5KQ66BBWC4,1011,0.303,0.054,1.000,0.968,2,1.0000
-5KQ66BBWC4,1011,0.303,0.054,1.000,0.968,4,1.0000
-5KQ66BBWC4,1011,0.303,0.054,1.000,0.968,5,1.0000
-5KQ66BBWC4,1012,0.216,0.042,1.000,0.982,2,1.0000
-5KQ66BBWC4,1012,0.216,0.042,1.000,0.982,4,1.0000
-5KQ66BBWC4,1012,0.216,0.042,1.000,0.982,5,1.0000
-5KQ66BBWC4,1013,0.318,0.064,1.000,0.971,2,1.0000
-5KQ66BBWC4,1013,0.318,0.064,1.000,0.971,4,1.0000
-5KQ66BBWC4,1013,0.318,0.064,1.000,0.971,5,1.0000
-5KQ66BBWC4,1014,0.311,0.043,1.000,0.973,2,1.0000
-5KQ66BBWC4,1014,0.311,0.043,1.000,0.973,4,1.0000
-5KQ66BBWC4,1014,0.311,0.043,1.000,0.973,5,1.0000
-5KQ66BBWC4,1015,0.447,0.031,1.000,0.983,2,1.0000
-5KQ66BBWC4,1015,0.447,0.031,1.000,0.983,4,1.0000
-5KQ66BBWC4,1015,0.447,0.031,1.000,0.983,5,1.0000
-5KQ66BBWC4,1016,0.377,0.041,0.998,0.976,2,1.0000
-5KQ66BBWC4,1016,0.377,0.041,0.998,0.976,5,1.0000
-5KQ66BBWC4,1017,0.345,0.034,1.000,0.979,2,1.0000
-5KQ66BBWC4,1017,0.345,0.034,1.000,0.979,5,1.0000
-5KQ66BBWC4,1018,0.315,0.041,1.000,0.982,2,1.0000
-5KQ66BBWC4,1018,0.315,0.041,1.000,0.982,4,1.0000
-5KQ66BBWC4,1018,0.315,0.041,1.000,0.982,5,1.0000
-5KQ66BBWC4,1019,0.345,0.008,1.000,0.996,2,1.0000
-5KQ66BBWC4,1019,0.345,0.008,1.000,0.996,4,1.0000
-5KQ66BBWC4,1019,0.345,0.008,1.000,0.996,5,1.0000
-5KQ66BBWC4,1020,0.345,0.024,1.000,0.989,2,1.0000
-5KQ66BBWC4,1020,0.345,0.024,1.000,0.989,4,1.0000
-5KQ66BBWC4,1020,0.345,0.024,1.000,0.989,5,1.0000
-5KQ66BBWC4,1021,0.410,0.044,1.000,0.985,4,1.0000
-5KQ66BBWC4,1021,0.410,0.044,1.000,0.985,5,1.0000
-5KQ66BBWC4,1022,0.330,0.052,1.000,0.984,4,1.0000
-5KQ66BBWC4,1022,0.330,0.052,1.000,0.984,5,1.0000
-5KQ66BBWC4,1023,0.325,0.055,1.000,0.984,4,1.0000
-5KQ66BBWC4,1023,0.325,0.055,1.000,0.984,5,1.0000
-5KQ66BBWC4,1024,0.353,0.059,1.000,0.992,4,1.0000
-5KQ66BBWC4,1024,0.353,0.059,1.000,0.992,5,1.0000
-5KQ66BBWC4,1025,0.300,0.059,1.000,0.976,4,1.0000
-5KQ66BBWC4,1025,0.300,0.059,1.000,0.976,5,1.0000
-5KQ66BBWC4,1026,0.016,0.097,0.368,0.983,1,1.0000
-5KQ66BBWC4,1026,0.016,0.097,0.368,0.983,2,1.0000
-5KQ66BBWC4,1026,0.016,0.097,0.368,0.983,4,1.0000
-5KQ66BBWC4,1027,0.049,0.094,0.769,0.988,1,1.0000
-5KQ66BBWC4,1027,0.049,0.094,0.769,0.988,2,1.0000
-5KQ66BBWC4,1027,0.049,0.094,0.769,0.988,4,1.0000
-5KQ66BBWC4,1028,0.025,0.044,0.530,0.997,1,1.0000
-5KQ66BBWC4,1028,0.424,0.081,0.952,0.977,1,1.0000
-5KQ66BBWC4,1028,0.424,0.081,0.952,0.977,2,1.0000
-5KQ66BBWC4,1028,0.025,0.044,0.530,0.997,3,1.0000
-5KQ66BBWC4,1028,0.025,0.044,0.530,0.997,4,1.0000
-5KQ66BBWC4,1028,0.424,0.081,0.952,0.977,4,1.0000
-5KQ66BBWC4,1028,0.424,0.081,0.952,0.977,5,1.0000
-5KQ66BBWC4,1029,0.011,0.045,0.499,1.000,1,1.0000
-5KQ66BBWC4,1029,0.395,0.090,0.961,0.971,1,1.0000
-5KQ66BBWC4,1029,0.395,0.090,0.961,0.971,2,1.0000
-5KQ66BBWC4,1029,0.011,0.045,0.499,1.000,3,1.0000
-5KQ66BBWC4,1029,0.011,0.045,0.499,1.000,4,1.0000
-5KQ66BBWC4,1029,0.395,0.090,0.961,0.971,4,1.0000
-5KQ66BBWC4,1029,0.395,0.090,0.961,0.971,5,1.0000
-5KQ66BBWC4,1030,0.000,0.048,0.532,0.981,1,1.0000
-5KQ66BBWC4,1030,0.443,0.080,0.961,0.949,1,1.0000
-5KQ66BBWC4,1030,0.443,0.080,0.961,0.949,2,1.0000
-5KQ66BBWC4,1030,0.000,0.048,0.532,0.981,3,1.0000
-5KQ66BBWC4,1030,0.443,0.080,0.961,0.949,4,1.0000
-5KQ66BBWC4,1030,0.443,0.080,0.961,0.949,5,1.0000
-5KQ66BBWC4,1031,0.000,0.058,0.518,0.988,1,1.0000
-5KQ66BBWC4,1031,0.432,0.130,0.956,0.962,1,1.0000
-5KQ66BBWC4,1031,0.432,0.130,0.956,0.962,2,1.0000
-5KQ66BBWC4,1031,0.000,0.058,0.518,0.988,3,1.0000
-5KQ66BBWC4,1031,0.000,0.058,0.518,0.988,4,1.0000
-5KQ66BBWC4,1031,0.432,0.130,0.956,0.962,4,1.0000
-5KQ66BBWC4,1031,0.432,0.130,0.956,0.962,5,1.0000
-5KQ66BBWC4,1032,0.006,0.063,0.540,0.980,1,1.0000
-5KQ66BBWC4,1032,0.429,0.110,0.953,0.951,1,1.0000
-5KQ66BBWC4,1032,0.429,0.110,0.953,0.951,2,1.0000
-5KQ66BBWC4,1032,0.006,0.063,0.540,0.980,3,1.0000
-5KQ66BBWC4,1032,0.429,0.110,0.953,0.951,4,1.0000
-5KQ66BBWC4,1032,0.429,0.110,0.953,0.951,5,1.0000
-5KQ66BBWC4,1033,0.017,0.077,0.598,0.973,1,1.0000
-5KQ66BBWC4,1033,0.428,0.098,0.956,0.966,1,1.0000
-5KQ66BBWC4,1033,0.428,0.098,0.956,0.966,2,1.0000
-5KQ66BBWC4,1033,0.017,0.077,0.598,0.973,3,1.0000
-5KQ66BBWC4,1033,0.428,0.098,0.956,0.966,4,1.0000
-5KQ66BBWC4,1033,0.428,0.098,0.956,0.966,5,1.0000
-5KQ66BBWC4,1034,0.009,0.036,0.527,0.990,1,1.0000
-5KQ66BBWC4,1034,0.446,0.089,0.947,0.961,1,1.0000
-5KQ66BBWC4,1034,0.446,0.089,0.947,0.961,2,1.0000
-5KQ66BBWC4,1034,0.009,0.036,0.527,0.990,3,1.0000
-5KQ66BBWC4,1034,0.009,0.036,0.527,0.990,4,1.0000
-5KQ66BBWC4,1034,0.446,0.089,0.947,0.961,4,1.0000
-5KQ66BBWC4,1034,0.446,0.089,0.947,0.961,5,1.0000
-5KQ66BBWC4,1035,0.014,0.057,0.614,0.975,1,1.0000
-5KQ66BBWC4,1035,0.442,0.099,0.943,0.953,1,1.0000
-5KQ66BBWC4,1035,0.442,0.099,0.943,0.953,2,1.0000
-5KQ66BBWC4,1035,0.014,0.057,0.614,0.975,3,1.0000
-5KQ66BBWC4,1035,0.442,0.099,0.943,0.953,4,1.0000
-5KQ66BBWC4,1035,0.442,0.099,0.943,0.953,5,1.0000
-5KQ66BBWC4,1036,0.002,0.051,0.517,0.983,1,1.0000
-5KQ66BBWC4,1036,0.434,0.098,0.937,0.960,1,1.0000
-5KQ66BBWC4,1036,0.434,0.098,0.937,0.960,2,1.0000
-5KQ66BBWC4,1036,0.002,0.051,0.517,0.983,3,1.0000
-5KQ66BBWC4,1036,0.434,0.098,0.937,0.960,4,1.0000
-5KQ66BBWC4,1036,0.434,0.098,0.937,0.960,5,1.0000
-5KQ66BBWC4,1037,0.000,0.064,0.509,0.985,1,1.0000
-5KQ66BBWC4,1037,0.440,0.098,0.945,0.949,1,1.0000
-5KQ66BBWC4,1037,0.440,0.098,0.945,0.949,2,1.0000
-5KQ66BBWC4,1037,0.000,0.064,0.509,0.985,3,1.0000
-5KQ66BBWC4,1037,0.000,0.064,0.509,0.985,4,1.0000
-5KQ66BBWC4,1037,0.440,0.098,0.945,0.949,4,1.0000
-5KQ66BBWC4,1037,0.440,0.098,0.945,0.949,5,1.0000
-5KQ66BBWC4,1038,0.001,0.042,0.528,0.984,1,1.0000
-5KQ66BBWC4,1038,0.442,0.106,0.955,0.950,1,1.0000
-5KQ66BBWC4,1038,0.442,0.106,0.955,0.950,2,1.0000
-5KQ66BBWC4,1038,0.001,0.042,0.528,0.984,3,1.0000
-5KQ66BBWC4,1038,0.001,0.042,0.528,0.984,4,1.0000
-5KQ66BBWC4,1038,0.442,0.106,0.955,0.950,4,1.0000
-5KQ66BBWC4,1038,0.442,0.106,0.955,0.950,5,1.0000
-5KQ66BBWC4,1040,0.043,0.007,0.999,1.000,4,1.0000
-5KQ66BBWC4,1041,0.109,0.023,1.000,0.992,4,1.0000
-5KQ66BBWC4,1042,0.069,0.008,0.999,0.991,4,1.0000
-5KQ66BBWC4,1043,0.027,0.000,1.000,0.993,4,1.0000
-5KQ66BBWC4,1044,0.039,0.097,0.943,0.981,4,1.0000
-5KQ66BBWC4,1048,0.378,0.088,0.644,0.474,1,1.0000
-5KQ66BBWC4,1048,0.378,0.088,0.644,0.474,4,1.0000
-5KQ66BBWC4,1048,0.715,0.174,0.994,0.716,4,1.0000
-5KQ66BBWC4,1048,0.715,0.174,0.994,0.716,5,1.0000
-5KQ66BBWC4,1049,0.232,0.137,0.428,0.545,1,1.0000
-5KQ66BBWC4,1049,0.232,0.137,0.428,0.545,4,1.0000
-5KQ66BBWC4,1049,0.538,0.114,0.867,0.758,4,1.0000
-5KQ66BBWC4,1049,0.538,0.114,0.867,0.758,5,1.0000
-5KQ66BBWC4,1050,0.221,0.165,0.402,0.581,1,1.0000
-5KQ66BBWC4,1050,0.516,0.122,0.868,0.781,1,1.0000
-5KQ66BBWC4,1050,0.516,0.122,0.868,0.781,2,1.0000
-5KQ66BBWC4,1050,0.221,0.165,0.402,0.581,3,1.0000
-5KQ66BBWC4,1050,0.221,0.165,0.402,0.581,4,1.0000
-5KQ66BBWC4,1050,0.516,0.122,0.868,0.781,4,1.0000
-5KQ66BBWC4,1050,0.516,0.122,0.868,0.781,5,1.0000
-5KQ66BBWC4,1051,0.226,0.184,0.422,0.611,1,1.0000
-5KQ66BBWC4,1051,0.226,0.184,0.422,0.611,3,1.0000
-5KQ66BBWC4,1051,0.226,0.184,0.422,0.611,4,1.0000
-5KQ66BBWC4,1051,0.510,0.145,0.906,0.793,4,1.0000
-5KQ66BBWC4,1052,0.234,0.188,0.436,0.598,1,1.0000
-5KQ66BBWC4,1052,0.234,0.188,0.436,0.598,4,1.0000
-5KQ66BBWC4,1052,0.585,0.215,0.883,0.791,4,1.0000
-5KQ66BBWC4,1053,0.228,0.187,0.410,0.603,1,1.0000
-5KQ66BBWC4,1053,0.228,0.187,0.410,0.603,4,1.0000
-5KQ66BBWC4,1053,0.578,0.235,0.962,0.776,4,1.0000
-5KQ66BBWC4,1053,0.578,0.235,0.962,0.776,5,1.0000
-5KQ66BBWC4,1054,0.226,0.193,0.406,0.604,1,1.0000
-5KQ66BBWC4,1054,0.226,0.193,0.406,0.604,3,1.0000
-5KQ66BBWC4,1054,0.226,0.193,0.406,0.604,4,1.0000
-5KQ66BBWC4,1054,0.581,0.229,0.877,0.768,4,1.0000
-5KQ66BBWC4,1054,0.581,0.229,0.877,0.768,5,1.0000
-5KQ66BBWC4,1055,0.243,0.202,0.408,0.584,1,1.0000
-5KQ66BBWC4,1055,0.243,0.202,0.408,0.584,3,1.0000
-5KQ66BBWC4,1055,0.243,0.202,0.408,0.584,4,1.0000
-5KQ66BBWC4,1055,0.544,0.158,0.862,0.798,4,1.0000
-5KQ66BBWC4,1055,0.544,0.158,0.862,0.798,5,1.0000
-5KQ66BBWC4,1056,0.226,0.193,0.433,0.590,1,1.0000
-5KQ66BBWC4,1056,0.507,0.146,0.887,0.790,1,1.0000
-5KQ66BBWC4,1056,0.507,0.146,0.887,0.790,2,1.0000
-5KQ66BBWC4,1056,0.226,0.193,0.433,0.590,3,1.0000
-5KQ66BBWC4,1056,0.226,0.193,0.433,0.590,4,1.0000
-5KQ66BBWC4,1056,0.507,0.146,0.887,0.790,4,1.0000
-5KQ66BBWC4,1056,0.507,0.146,0.887,0.790,5,1.0000
-5KQ66BBWC4,1057,0.231,0.190,0.428,0.613,1,1.0000
-5KQ66BBWC4,1057,0.231,0.190,0.428,0.613,4,1.0000
-5KQ66BBWC4,1057,0.528,0.176,0.900,0.782,4,1.0000
-5KQ66BBWC4,1057,0.528,0.176,0.900,0.782,5,1.0000
-5KQ66BBWC4,1058,0.030,0.020,0.912,0.989,4,1.0000
-5KQ66BBWC4,1059,0.024,0.018,0.923,0.971,1,1.0000
-5KQ66BBWC4,1059,0.024,0.018,0.923,0.971,4,1.0000
-5KQ66BBWC4,1061,0.224,0.062,0.966,1.000,4,1.0000
-5KQ66BBWC4,1062,0.010,0.057,0.321,1.000,1,1.0000
-5KQ66BBWC4,1063,0.012,0.008,0.780,1.000,1,1.0000
-5KQ66BBWC4,1064,0.124,0.017,0.977,1.000,1,1.0000
-5KQ66BBWC4,1064,0.124,0.017,0.977,1.000,2,1.0000
-5KQ66BBWC4,1064,0.003,0.045,0.325,0.994,3,1.0000
-5KQ66BBWC4,1064,0.003,0.045,0.325,0.994,4,1.0000
-5KQ66BBWC4,1065,0.000,0.000,0.339,0.996,1,1.0000
-5KQ66BBWC4,1065,0.121,0.014,0.964,1.000,1,1.0000
-5KQ66BBWC4,1065,0.121,0.014,0.964,1.000,2,1.0000
-5KQ66BBWC4,1065,0.000,0.000,0.339,0.996,3,1.0000
-5KQ66BBWC4,1065,0.121,0.014,0.964,1.000,4,1.0000
-5KQ66BBWC4,1066,0.112,0.024,0.987,1.000,4,1.0000
-5KQ66BBWC4,1067,0.095,0.146,0.307,0.664,1,1.0000
-5KQ66BBWC4,1067,0.095,0.146,0.307,0.664,4,1.0000
-5KQ66BBWC4,1067,0.482,0.088,0.892,0.924,4,1.0000
-5KQ66BBWC4,1067,0.482,0.088,0.892,0.924,5,1.0000
-5KQ66BBWC4,1068,0.107,0.148,0.308,0.635,1,1.0000
-5KQ66BBWC4,1068,0.107,0.148,0.308,0.635,4,1.0000
-5KQ66BBWC4,1068,0.479,0.123,0.830,0.901,4,1.0000
-5KQ66BBWC4,1068,0.479,0.123,0.830,0.901,5,1.0000
-5KQ66BBWC4,1069,0.083,0.140,0.321,0.669,1,1.0000
-5KQ66BBWC4,1069,0.083,0.140,0.321,0.669,4,1.0000
-5KQ66BBWC4,1069,0.486,0.115,0.846,0.907,4,1.0000
-5KQ66BBWC4,1069,0.486,0.115,0.846,0.907,5,1.0000
-5KQ66BBWC4,1070,0.087,0.149,0.313,0.662,1,1.0000
-5KQ66BBWC4,1070,0.087,0.149,0.313,0.662,4,1.0000
-5KQ66BBWC4,1070,0.472,0.116,0.818,0.931,4,1.0000
-5KQ66BBWC4,1070,0.472,0.116,0.818,0.931,5,1.0000
-5KQ66BBWC4,1071,0.086,0.151,0.319,0.664,1,1.0000
-5KQ66BBWC4,1071,0.490,0.103,0.802,0.881,2,1.0000
-5KQ66BBWC4,1071,0.086,0.151,0.319,0.664,3,1.0000
-5KQ66BBWC4,1071,0.086,0.151,0.319,0.664,4,1.0000
-5KQ66BBWC4,1071,0.490,0.103,0.802,0.881,4,1.0000
-5KQ66BBWC4,1071,0.490,0.103,0.802,0.881,5,1.0000
-5KQ66BBWC4,1072,0.078,0.134,0.320,0.683,1,1.0000
-5KQ66BBWC4,1072,0.463,0.120,0.878,0.919,2,1.0000
-5KQ66BBWC4,1072,0.078,0.134,0.320,0.683,3,1.0000
-5KQ66BBWC4,1072,0.078,0.134,0.320,0.683,4,1.0000
-5KQ66BBWC4,1072,0.463,0.120,0.878,0.919,4,1.0000
-5KQ66BBWC4,1072,0.463,0.120,0.878,0.919,5,1.0000
-5KQ66BBWC4,1073,0.114,0.156,0.315,0.652,1,1.0000
-5KQ66BBWC4,1073,0.114,0.156,0.315,0.652,2,1.0000
-5KQ66BBWC4,1073,0.114,0.156,0.315,0.652,3,1.0000
-5KQ66BBWC4,1073,0.114,0.156,0.315,0.652,4,1.0000
-5KQ66BBWC4,1073,0.484,0.106,0.859,0.896,4,1.0000
-5KQ66BBWC4,1073,0.484,0.106,0.859,0.896,5,1.0000
-5KQ66BBWC4,1074,0.113,0.150,0.315,0.645,1,1.0000
-5KQ66BBWC4,1074,0.113,0.150,0.315,0.645,2,1.0000
-5KQ66BBWC4,1074,0.469,0.090,0.816,0.884,3,1.0000
-5KQ66BBWC4,1074,0.113,0.150,0.315,0.645,4,1.0000
-5KQ66BBWC4,1074,0.469,0.090,0.816,0.884,4,1.0000
-5KQ66BBWC4,1074,0.469,0.090,0.816,0.884,5,1.0000
-5KQ66BBWC4,1075,0.110,0.150,0.318,0.645,1,1.0000
-5KQ66BBWC4,1075,0.353,0.073,0.837,0.951,1,1.0000
-5KQ66BBWC4,1075,0.353,0.073,0.837,0.951,2,1.0000
-5KQ66BBWC4,1075,0.110,0.150,0.318,0.645,3,1.0000
-5KQ66BBWC4,1075,0.110,0.150,0.318,0.645,4,1.0000
-5KQ66BBWC4,1075,0.353,0.073,0.837,0.951,4,1.0000
-5KQ66BBWC4,1076,0.107,0.144,0.311,0.635,1,1.0000
-5KQ66BBWC4,1076,0.394,0.055,0.824,0.935,1,1.0000
-5KQ66BBWC4,1076,0.394,0.055,0.824,0.935,2,1.0000
-5KQ66BBWC4,1076,0.107,0.144,0.311,0.635,3,1.0000
-5KQ66BBWC4,1076,0.107,0.144,0.311,0.635,4,1.0000
-5KQ66BBWC4,1076,0.394,0.055,0.824,0.935,4,1.0000
-5KQ66BBWC4,1077,0.078,0.145,0.315,0.664,1,1.0000
-5KQ66BBWC4,1077,0.391,0.049,0.826,0.918,1,1.0000
-5KQ66BBWC4,1077,0.391,0.049,0.826,0.918,2,1.0000
-5KQ66BBWC4,1077,0.078,0.145,0.315,0.664,3,1.0000
-5KQ66BBWC4,1077,0.078,0.145,0.315,0.664,4,1.0000
-5KQ66BBWC4,1077,0.391,0.049,0.826,0.918,4,1.0000
-5KQ66BBWC4,1078,0.087,0.148,0.317,0.659,1,1.0000
-5KQ66BBWC4,1078,0.386,0.053,0.833,0.929,1,1.0000
-5KQ66BBWC4,1078,0.386,0.053,0.833,0.929,2,1.0000
-5KQ66BBWC4,1078,0.087,0.148,0.317,0.659,3,1.0000
-5KQ66BBWC4,1078,0.087,0.148,0.317,0.659,4,1.0000
-5KQ66BBWC4,1078,0.386,0.053,0.833,0.929,4,1.0000
-5KQ66BBWC4,1078,0.386,0.053,0.833,0.929,5,1.0000
-5KQ66BBWC4,1079,0.091,0.139,0.314,0.661,1,1.0000
-5KQ66BBWC4,1079,0.368,0.045,0.854,0.913,1,1.0000
-5KQ66BBWC4,1079,0.368,0.045,0.854,0.913,2,1.0000
-5KQ66BBWC4,1079,0.091,0.139,0.314,0.661,3,1.0000
-5KQ66BBWC4,1079,0.091,0.139,0.314,0.661,4,1.0000
-5KQ66BBWC4,1079,0.368,0.045,0.854,0.913,4,1.0000
-5KQ66BBWC4,1079,0.368,0.045,0.854,0.913,5,1.0000
-5KQ66BBWC4,1080,0.095,0.138,0.320,0.674,1,1.0000
-5KQ66BBWC4,1080,0.386,0.062,0.871,0.914,1,1.0000
-5KQ66BBWC4,1080,0.095,0.138,0.320,0.674,2,1.0000
-5KQ66BBWC4,1080,0.386,0.062,0.871,0.914,2,1.0000
-5KQ66BBWC4,1080,0.386,0.062,0.871,0.914,3,1.0000
-5KQ66BBWC4,1080,0.095,0.138,0.320,0.674,4,1.0000
-5KQ66BBWC4,1080,0.386,0.062,0.871,0.914,4,1.0000
-5KQ66BBWC4,1081,0.092,0.140,0.319,0.675,1,1.0000
-5KQ66BBWC4,1081,0.369,0.059,0.825,0.922,1,1.0000
-5KQ66BBWC4,1081,0.092,0.140,0.319,0.675,2,1.0000
-5KQ66BBWC4,1081,0.369,0.059,0.825,0.922,3,1.0000
-5KQ66BBWC4,1081,0.092,0.140,0.319,0.675,4,1.0000
-5KQ66BBWC4,1081,0.369,0.059,0.825,0.922,4,1.0000
-5KQ66BBWC4,1082,0.092,0.140,0.322,0.673,1,1.0000
-5KQ66BBWC4,1082,0.375,0.057,0.830,0.931,1,1.0000
-5KQ66BBWC4,1082,0.375,0.057,0.830,0.931,2,1.0000
-5KQ66BBWC4,1082,0.092,0.140,0.322,0.673,3,1.0000
-5KQ66BBWC4,1082,0.092,0.140,0.322,0.673,4,1.0000
-5KQ66BBWC4,1082,0.375,0.057,0.830,0.931,4,1.0000
-5KQ66BBWC4,1083,0.094,0.142,0.311,0.681,1,1.0000
-5KQ66BBWC4,1083,0.344,0.060,0.887,0.909,1,1.0000
-5KQ66BBWC4,1083,0.344,0.060,0.887,0.909,2,1.0000
-5KQ66BBWC4,1083,0.094,0.142,0.311,0.681,3,1.0000
-5KQ66BBWC4,1083,0.094,0.142,0.311,0.681,4,1.0000
-5KQ66BBWC4,1083,0.344,0.060,0.887,0.909,4,1.0000
-5KQ66BBWC4,1084,0.087,0.146,0.321,0.686,1,1.0000
-5KQ66BBWC4,1084,0.354,0.046,0.828,0.927,1,1.0000
-5KQ66BBWC4,1084,0.087,0.146,0.321,0.686,2,1.0000
-5KQ66BBWC4,1084,0.354,0.046,0.828,0.927,2,1.0000
-5KQ66BBWC4,1084,0.087,0.146,0.321,0.686,3,1.0000
-5KQ66BBWC4,1084,0.087,0.146,0.321,0.686,4,1.0000
-5KQ66BBWC4,1084,0.354,0.046,0.828,0.927,4,1.0000
-5KQ66BBWC4,1085,0.033,0.020,0.731,0.970,1,1.0000
-5KQ66BBWC4,1085,0.033,0.020,0.731,0.970,2,1.0000
-5KQ66BBWC4,1085,0.033,0.020,0.731,0.970,4,1.0000
-5KQ66BBWC4,1086,0.036,0.011,0.698,0.970,1,1.0000
-5KQ66BBWC4,1086,0.036,0.011,0.698,0.970,2,1.0000
-5KQ66BBWC4,1086,0.036,0.011,0.698,0.970,4,1.0000
-5KQ66BBWC4,1087,0.109,0.140,0.340,0.683,1,1.0000
-5KQ66BBWC4,1087,0.434,0.073,0.828,0.926,1,1.0000
-5KQ66BBWC4,1087,0.434,0.073,0.828,0.926,2,1.0000
-5KQ66BBWC4,1087,0.109,0.140,0.340,0.683,3,1.0000
-5KQ66BBWC4,1087,0.109,0.140,0.340,0.683,4,1.0000
-5KQ66BBWC4,1087,0.434,0.073,0.828,0.926,4,1.0000
-5KQ66BBWC4,1088,0.091,0.146,0.335,0.689,1,1.0000
-5KQ66BBWC4,1088,0.419,0.056,0.827,0.937,1,1.0000
-5KQ66BBWC4,1088,0.419,0.056,0.827,0.937,2,1.0000
-5KQ66BBWC4,1088,0.091,0.146,0.335,0.689,3,1.0000
-5KQ66BBWC4,1088,0.091,0.146,0.335,0.689,4,1.0000
-5KQ66BBWC4,1088,0.419,0.056,0.827,0.937,4,1.0000
-5KQ66BBWC4,1088,0.419,0.056,0.827,0.937,5,1.0000
-5KQ66BBWC4,1089,0.093,0.157,0.345,0.673,1,1.0000
-5KQ66BBWC4,1089,0.442,0.057,0.821,0.927,1,1.0000
-5KQ66BBWC4,1089,0.442,0.057,0.821,0.927,2,1.0000
-5KQ66BBWC4,1089,0.093,0.157,0.345,0.673,3,1.0000
-5KQ66BBWC4,1089,0.093,0.157,0.345,0.673,4,1.0000
-5KQ66BBWC4,1089,0.442,0.057,0.821,0.927,4,1.0000
-5KQ66BBWC4,1090,0.095,0.156,0.335,0.678,1,1.0000
-5KQ66BBWC4,1090,0.446,0.072,0.820,0.901,1,1.0000
-5KQ66BBWC4,1090,0.446,0.072,0.820,0.901,2,1.0000
-5KQ66BBWC4,1090,0.095,0.156,0.335,0.678,3,1.0000
-5KQ66BBWC4,1090,0.095,0.156,0.335,0.678,4,1.0000
-5KQ66BBWC4,1090,0.446,0.072,0.820,0.901,4,1.0000
-5KQ66BBWC4,1091,0.128,0.151,0.348,0.667,1,1.0000
-5KQ66BBWC4,1091,0.440,0.054,0.828,0.939,1,1.0000
-5KQ66BBWC4,1091,0.440,0.054,0.828,0.939,2,1.0000
-5KQ66BBWC4,1091,0.128,0.151,0.348,0.667,3,1.0000
-5KQ66BBWC4,1091,0.128,0.151,0.348,0.667,4,1.0000
-5KQ66BBWC4,1091,0.440,0.054,0.828,0.939,4,1.0000
-5KQ66BBWC4,1092,0.110,0.160,0.338,0.675,1,1.0000
-5KQ66BBWC4,1092,0.423,0.048,0.813,0.931,1,1.0000
-5KQ66BBWC4,1092,0.423,0.048,0.813,0.931,2,1.0000
-5KQ66BBWC4,1092,0.110,0.160,0.338,0.675,3,1.0000
-5KQ66BBWC4,1092,0.110,0.160,0.338,0.675,4,1.0000
-5KQ66BBWC4,1092,0.423,0.048,0.813,0.931,4,1.0000
-5KQ66BBWC4,1093,0.082,0.144,0.337,0.682,1,1.0000
-5KQ66BBWC4,1093,0.456,0.073,0.813,0.911,1,1.0000
-5KQ66BBWC4,1093,0.456,0.073,0.813,0.911,2,1.0000
-5KQ66BBWC4,1093,0.082,0.144,0.337,0.682,3,1.0000
-5KQ66BBWC4,1093,0.082,0.144,0.337,0.682,4,1.0000
-5KQ66BBWC4,1093,0.456,0.073,0.813,0.911,4,1.0000
-5KQ66BBWC4,1094,0.096,0.146,0.329,0.692,1,1.0000
-5KQ66BBWC4,1094,0.453,0.052,0.828,0.936,1,1.0000
-5KQ66BBWC4,1094,0.096,0.146,0.329,0.692,2,1.0000
-5KQ66BBWC4,1094,0.453,0.052,0.828,0.936,2,1.0000
-5KQ66BBWC4,1094,0.096,0.146,0.329,0.692,3,1.0000
-5KQ66BBWC4,1094,0.096,0.146,0.329,0.692,4,1.0000
-5KQ66BBWC4,1094,0.453,0.052,0.828,0.936,4,1.0000
-5KQ66BBWC4,1095,0.108,0.150,0.335,0.683,1,1.0000
-5KQ66BBWC4,1095,0.452,0.066,0.833,0.936,1,1.0000
-5KQ66BBWC4,1095,0.108,0.150,0.335,0.683,2,1.0000
-5KQ66BBWC4,1095,0.452,0.066,0.833,0.936,2,1.0000
-5KQ66BBWC4,1095,0.452,0.066,0.833,0.936,3,1.0000
-5KQ66BBWC4,1095,0.452,0.066,0.833,0.936,4,1.0000
-5KQ66BBWC4,1096,0.111,0.148,0.346,0.675,1,1.0000
-5KQ66BBWC4,1096,0.455,0.060,0.827,0.959,1,1.0000
-5KQ66BBWC4,1096,0.111,0.148,0.346,0.675,2,1.0000
-5KQ66BBWC4,1096,0.111,0.148,0.346,0.675,3,1.0000
-5KQ66BBWC4,1096,0.455,0.060,0.827,0.959,3,1.0000
-5KQ66BBWC4,1096,0.111,0.148,0.346,0.675,4,1.0000
-5KQ66BBWC4,1096,0.455,0.060,0.827,0.959,4,1.0000
-5KQ66BBWC4,1097,0.126,0.160,0.341,0.671,1,1.0000
-5KQ66BBWC4,1097,0.437,0.062,0.824,0.938,1,1.0000
-5KQ66BBWC4,1097,0.437,0.062,0.824,0.938,2,1.0000
-5KQ66BBWC4,1097,0.126,0.160,0.341,0.671,3,1.0000
-5KQ66BBWC4,1097,0.126,0.160,0.341,0.671,4,1.0000
-5KQ66BBWC4,1097,0.437,0.062,0.824,0.938,4,1.0000
-5KQ66BBWC4,1097,0.437,0.062,0.824,0.938,5,1.0000
-5KQ66BBWC4,1098,0.101,0.165,0.344,0.670,1,1.0000
-5KQ66BBWC4,1098,0.444,0.091,0.953,0.912,2,1.0000
-5KQ66BBWC4,1098,0.444,0.091,0.953,0.912,4,1.0000
-5KQ66BBWC4,1099,0.119,0.148,0.330,0.671,1,1.0000
-5KQ66BBWC4,1099,0.119,0.148,0.330,0.671,4,1.0000
-5KQ66BBWC4,1099,0.480,0.062,0.951,0.924,4,1.0000
-5KQ66BBWC4,1100,0.017,0.005,0.984,0.990,1,1.0000
-5KQ66BBWC4,1100,0.017,0.005,0.984,0.990,4,1.0000
-5KQ66BBWC4,1103,0.299,0.508,0.419,0.771,5,1.0000
-5KQ66BBWC4,1105,0.268,0.523,0.436,0.735,5,1.0000
-5KQ66BBWC4,1106,0.263,0.515,0.404,0.729,5,1.0000
-5KQ66BBWC4,1114,0.251,0.128,0.473,0.919,5,1.0000
-5KQ66BBWC4,1116,0.243,0.260,0.568,0.948,5,1.0000
-5KQ66BBWC4,1118,0.272,0.228,0.611,0.947,5,1.0000
-5KQ66BBWC4,1119,0.292,0.194,0.568,0.941,5,1.0000
-5KQ66BBWC4,1122,0.512,0.212,0.644,0.844,5,1.0000
-5KQ66BBWC4,1138,0.261,0.042,0.656,0.965,5,1.0000
-5KQ66BBWC4,1141,0.126,0.014,0.388,0.842,5,1.0000
-5KQ66BBWC4,1142,0.067,0.202,0.224,0.824,5,1.0000
-5KQ66BBWC4,1143,0.001,0.002,0.889,0.996,5,1.0000
-5KQ66BBWC4,1144,0.033,0.001,0.761,1.000,5,1.0000
-5KQ66BBWC4,1147,0.690,0.111,0.961,0.972,5,1.0000
-5KQ66BBWC4,1148,0.795,0.109,0.998,0.980,5,1.0000
-5KQ66BBWC4,1149,0.248,0.000,0.873,0.983,5,1.0000
-5KQ66BBWC4,1150,0.007,0.028,0.350,0.972,5,1.0000
-5KQ66BBWC4,1151,0.299,0.047,0.572,1.000,5,1.0000
-5KQ66BBWC4,1152,0.411,0.091,0.549,0.989,5,1.0000
-5KQ66BBWC4,1153,0.307,0.386,0.551,0.997,5,1.0000
-5KQ66BBWC4,1156,0.629,0.072,0.972,0.926,5,1.0000
-5KQ66BBWC4,1157,0.620,0.115,0.970,0.945,5,1.0000
-5KQ66BBWC4,1161,0.415,0.168,0.992,0.957,5,1.0000
-5KQ66BBWC4,1162,0.013,0.008,0.706,0.969,5,1.0000
-5KQ66BBWC4,1163,0.058,0.069,0.698,0.994,5,1.0000
-5KQ66BBWC4,1164,0.119,0.138,0.704,0.972,5,1.0000
-5KQ66BBWC4,1165,0.080,0.123,0.678,1.000,5,1.0000
-5KQ66BBWC4,1166,0.106,0.073,0.686,0.984,5,1.0000
-5KQ66BBWC4,1167,0.742,0.047,0.990,0.995,5,1.0000
-5KQ66BBWC4,1169,0.294,0.326,0.512,0.680,5,1.0000
-5KQ66BBWC4,1170,0.280,0.348,0.526,0.664,5,1.0000
-5KQ66BBWC4,1171,0.275,0.040,0.525,0.781,5,1.0000
-5KQ66BBWC4,1172,0.277,0.037,0.471,0.694,5,1.0000
-5KQ66BBWC4,1173,0.170,0.068,0.403,0.708,5,1.0000
-5KQ66BBWC4,1175,0.256,0.000,0.400,0.470,5,1.0000
-5KQ66BBWC4,1176,0.041,0.012,0.454,0.499,5,1.0000
-5KQ66BBWC4,1180,0.435,0.201,0.610,0.565,5,1.0000
-5KQ66BBWC4,1181,0.402,0.151,0.519,0.551,5,1.0000
-5KQ66BBWC4,1185,0.248,0.508,0.395,0.855,5,1.0000
-5KQ66BBWC4,1186,0.261,0.246,0.463,0.826,5,1.0000
-5KQ66BBWC4,1187,0.169,0.269,0.427,0.817,5,1.0000
-5KQ66BBWC4,1188,0.261,0.278,0.413,0.809,5,1.0000
-5KQ66BBWC4,1190,0.153,0.224,0.385,0.816,5,1.0000
-5KQ66BBWC4,1191,0.281,0.252,0.438,0.844,5,1.0000
-5KQ66BBWC4,1192,0.228,0.185,0.439,0.749,5,1.0000
-5KQ66BBWC4,1193,0.231,0.067,0.485,0.546,5,1.0000
-5KQ66BBWC4,1195,0.408,0.116,0.558,0.476,5,1.0000
-5KQ66BBWC4,1198,0.067,0.163,0.551,1.000,5,1.0000
-5KQ66BBWC4,1199,0.027,0.250,0.543,0.994,5,1.0000
-5KQ66BBWC4,1200,0.055,0.300,0.868,0.972,5,1.0000
-5KQ66BBWC4,1202,0.017,0.111,0.528,0.995,5,1.0000
-5KQ66BBWC4,1203,0.000,0.006,0.629,0.985,5,1.0000
-5KQ66BBWC4,1205,0.534,0.008,1.000,0.918,5,1.0000
-5KQ66BBWC4,1206,0.427,0.000,0.987,0.968,5,1.0000
-5KQ66BBWC4,1207,0.484,0.005,0.991,0.967,5,1.0000
-5KQ66BBWC4,1209,0.000,0.100,0.536,0.890,5,1.0000
-5KQ66BBWC4,1210,0.000,0.142,0.581,0.935,5,1.0000
-5KQ66BBWC4,1211,0.005,0.174,0.559,0.962,5,1.0000
-5KQ66BBWC4,1212,0.000,0.106,0.344,0.736,5,1.0000
-5KQ66BBWC4,1213,0.000,0.188,0.379,0.960,5,1.0000
-5KQ66BBWC4,1214,0.000,0.189,0.383,0.971,5,1.0000
-5KQ66BBWC4,1215,0.016,0.045,0.303,0.929,5,1.0000
-5KQ66BBWC4,1216,0.000,0.164,0.600,0.989,5,1.0000
-5KQ66BBWC4,1217,0.017,0.096,0.696,0.995,5,1.0000
-5KQ66BBWC4,1218,0.000,0.000,0.454,0.965,5,1.0000
-5KQ66BBWC4,1219,0.000,0.086,0.448,0.959,5,1.0000
-5KQ66BBWC4,1221,0.000,0.050,0.453,0.954,2,1.0000
-5KQ66BBWC4,1221,0.000,0.050,0.453,0.954,5,1.0000
-5KQ66BBWC4,1229,0.096,0.122,0.334,0.533,5,1.0000
-5KQ66BBWC4,1230,0.053,0.069,0.308,0.530,5,1.0000
-5KQ66BBWC4,1236,0.461,0.142,0.772,0.975,5,1.0000
-5KQ66BBWC4,1237,0.465,0.272,0.861,1.000,5,1.0000
-5KQ66BBWC4,1239,0.473,0.077,0.952,0.950,5,1.0000
-5KQ66BBWC4,1240,0.588,0.114,0.897,0.967,5,1.0000
-5KQ66BBWC4,1243,0.300,0.193,0.524,0.729,5,1.0000
-5KQ66BBWC4,1244,0.345,0.086,0.607,0.411,5,1.0000
-5KQ66BBWC4,1245,0.444,0.152,0.661,0.774,5,1.0000
-5KQ66BBWC4,1247,0.575,0.179,0.849,0.960,5,1.0000
-5KQ66BBWC4,1248,0.353,0.162,0.763,0.887,5,1.0000
-5KQ66BBWC4,1249,0.507,0.144,0.752,0.897,5,1.0000
-5KQ66BBWC4,1250,0.268,0.188,0.767,0.849,5,1.0000
-5KQ66BBWC4,1251,0.528,0.165,0.821,0.942,5,1.0000
-5KQ66BBWC4,1252,0.633,0.155,0.891,0.985,5,1.0000
-5KQ66BBWC4,1254,0.267,0.018,0.515,0.941,5,1.0000
-5KQ66BBWC4,1255,0.195,0.013,0.714,0.925,5,1.0000
-5KQ66BBWC4,1256,0.263,0.108,0.563,1.000,5,1.0000
-5KQ66BBWC4,1257,0.279,0.107,0.609,0.592,5,1.0000
-5KQ66BBWC4,1259,0.333,0.037,0.547,0.869,5,1.0000
-5KQ66BBWC4,1260,0.361,0.028,0.600,0.962,5,1.0000
-5KQ66BBWC4,1266,0.422,0.109,0.577,0.651,5,1.0000
-5KQ66BBWC4,1269,0.454,0.122,0.997,0.994,5,1.0000
-5KQ66BBWC4,1272,0.219,0.011,0.595,0.917,5,1.0000
-5KQ66BBWC4,1273,0.317,0.129,0.677,0.681,5,1.0000
-5KQ66BBWC4,1274,0.167,0.000,0.611,0.591,5,1.0000
-5KQ66BBWC4,1275,0.337,0.018,0.633,0.812,5,1.0000
-5KQ66BBWC4,1276,0.421,0.026,0.655,0.580,5,1.0000
-5KQ66BBWC4,1277,0.462,0.021,0.694,0.690,5,1.0000
-5KQ66BBWC4,1278,0.450,0.003,0.662,0.644,5,1.0000
-5KQ66BBWC4,1282,0.741,0.101,1.000,0.690,5,1.0000
-5KQ66BBWC4,1283,0.197,0.378,0.788,1.000,5,1.0000
-5KQ66BBWC4,1289,0.427,0.181,0.780,0.976,5,1.0000
-5KQ66BBWC4,1294,0.340,0.150,0.937,0.979,5,1.0000
-5KQ66BBWC4,1298,0.241,0.051,0.977,1.000,4,1.0000
-5KQ66BBWC4,1308,0.078,0.608,0.426,0.999,5,1.0000
-5KQ66BBWC4,1310,0.557,0.225,0.895,0.977,5,1.0000
-5KQ66BBWC4,1316,0.477,0.397,0.931,0.985,5,1.0000
-5KQ66BBWC4,1317,0.655,0.491,0.750,0.807,1,1.0000
-5KQ66BBWC4,1324,0.424,0.263,0.707,0.809,4,1.0000
-5KQ66BBWC4,1326,0.440,0.243,0.741,0.973,4,1.0000
-5KQ66BBWC4,1329,0.826,0.291,0.975,0.799,4,1.0000
-5KQ66BBWC4,1331,0.768,0.281,0.978,0.802,4,1.0000
-5KQ66BBWC4,1332,0.759,0.289,0.982,0.805,4,1.0000
-5KQ66BBWC4,1333,0.777,0.283,0.982,0.806,4,1.0000
-5KQ66BBWC4,1334,0.002,0.398,0.074,0.646,4,1.0000
-5KQ66BBWC4,1334,0.787,0.275,0.992,0.783,4,1.0000
-5KQ66BBWC4,1336,0.000,0.315,0.169,0.983,4,1.0000
-5KQ66BBWC4,1338,0.003,0.331,0.229,0.991,4,1.0000
-5KQ66BBWC4,1339,0.006,0.316,0.178,0.968,4,1.0000
-5KQ66BBWC4,1341,0.606,0.292,0.806,0.936,4,1.0000
-5KQ66BBWC4,1342,0.083,0.302,0.800,0.976,3,1.0000
-5KQ66BBWC4,1343,0.145,0.210,0.745,0.988,3,1.0000
-5KQ66BBWC4,1344,0.418,0.318,0.724,0.981,2,1.0000
-5KQ66BBWC4,1344,0.418,0.318,0.724,0.981,4,1.0000
-5KQ66BBWC4,1345,0.438,0.320,0.747,0.977,4,1.0000
-5KQ66BBWC4,1346,0.442,0.335,0.740,0.985,4,1.0000
-5KQ66BBWC4,1347,0.444,0.339,0.755,0.969,4,1.0000
-5KQ66BBWC4,1348,0.421,0.331,0.746,0.982,4,1.0000
-5KQ66BBWC4,1353,0.260,0.037,0.849,0.985,2,1.0000
-5KQ66BBWC4,1354,0.206,0.052,0.777,0.979,2,1.0000
-5KQ66BBWC4,1355,0.229,0.068,0.847,0.981,2,1.0000
-5KQ66BBWC4,1367,0.460,0.242,0.678,0.523,2,1.0000
-5KQ66BBWC4,1367,0.123,0.478,0.361,0.924,4,1.0000
-5KQ66BBWC4,1367,0.460,0.242,0.678,0.523,4,1.0000
-5KQ66BBWC4,1368,0.457,0.105,0.681,0.528,2,1.0000
-5KQ66BBWC4,1368,0.106,0.409,0.374,0.919,4,1.0000
-5KQ66BBWC4,1368,0.457,0.105,0.681,0.528,4,1.0000
-5KQ66BBWC4,1369,0.112,0.397,0.375,0.932,2,1.0000
-5KQ66BBWC4,1369,0.451,0.127,0.684,0.526,3,1.0000
-5KQ66BBWC4,1369,0.112,0.397,0.375,0.932,4,1.0000
-5KQ66BBWC4,1369,0.451,0.127,0.684,0.526,4,1.0000
-5KQ66BBWC4,1370,0.118,0.392,0.374,0.941,2,1.0000
-5KQ66BBWC4,1370,0.451,0.132,0.685,0.526,3,1.0000
-5KQ66BBWC4,1370,0.118,0.392,0.374,0.941,4,1.0000
-5KQ66BBWC4,1370,0.451,0.132,0.685,0.526,4,1.0000
-5KQ66BBWC4,1371,0.117,0.402,0.375,0.932,2,1.0000
-5KQ66BBWC4,1371,0.453,0.135,0.684,0.527,3,1.0000
-5KQ66BBWC4,1371,0.117,0.402,0.375,0.932,4,1.0000
-5KQ66BBWC4,1371,0.453,0.135,0.684,0.527,4,1.0000
-5KQ66BBWC4,1372,0.120,0.401,0.375,0.930,2,1.0000
-5KQ66BBWC4,1372,0.454,0.134,0.686,0.525,3,1.0000
-5KQ66BBWC4,1372,0.120,0.401,0.375,0.930,4,1.0000
-5KQ66BBWC4,1372,0.454,0.134,0.686,0.525,4,1.0000
-5KQ66BBWC4,1373,0.120,0.408,0.375,0.936,2,1.0000
-5KQ66BBWC4,1373,0.452,0.136,0.686,0.522,3,1.0000
-5KQ66BBWC4,1373,0.120,0.408,0.375,0.936,4,1.0000
-5KQ66BBWC4,1373,0.452,0.136,0.686,0.522,4,1.0000
-5KQ66BBWC4,1374,0.124,0.431,0.371,0.922,2,1.0000
-5KQ66BBWC4,1374,0.452,0.134,0.687,0.524,3,1.0000
-5KQ66BBWC4,1374,0.124,0.431,0.371,0.922,4,1.0000
-5KQ66BBWC4,1374,0.452,0.134,0.687,0.524,4,1.0000
-5KQ66BBWC4,1375,0.118,0.419,0.368,0.928,2,1.0000
-5KQ66BBWC4,1375,0.451,0.136,0.682,0.525,3,1.0000
-5KQ66BBWC4,1375,0.118,0.419,0.368,0.928,4,1.0000
-5KQ66BBWC4,1375,0.451,0.136,0.682,0.525,4,1.0000
-5KQ66BBWC4,1376,0.111,0.421,0.370,0.924,2,1.0000
-5KQ66BBWC4,1376,0.451,0.136,0.686,0.524,3,1.0000
-5KQ66BBWC4,1376,0.111,0.421,0.370,0.924,4,1.0000
-5KQ66BBWC4,1376,0.451,0.136,0.686,0.524,4,1.0000
-5KQ66BBWC4,1377,0.451,0.155,0.684,0.524,2,1.0000
-5KQ66BBWC4,1377,0.125,0.412,0.372,0.922,3,1.0000
-5KQ66BBWC4,1377,0.125,0.412,0.372,0.922,4,1.0000
-5KQ66BBWC4,1377,0.451,0.155,0.684,0.524,4,1.0000
-5KQ66BBWC4,1378,0.448,0.173,0.684,0.523,2,1.0000
-5KQ66BBWC4,1378,0.124,0.413,0.369,0.925,3,1.0000
-5KQ66BBWC4,1378,0.124,0.413,0.369,0.925,4,1.0000
-5KQ66BBWC4,1378,0.448,0.173,0.684,0.523,4,1.0000
-5KQ66BBWC4,1379,0.447,0.148,0.685,0.523,2,1.0000
-5KQ66BBWC4,1379,0.121,0.412,0.377,0.931,3,1.0000
-5KQ66BBWC4,1379,0.121,0.412,0.377,0.931,4,1.0000
-5KQ66BBWC4,1379,0.447,0.148,0.685,0.523,4,1.0000
-5KQ66BBWC4,1380,0.445,0.166,0.685,0.524,2,1.0000
-5KQ66BBWC4,1380,0.118,0.412,0.375,0.925,3,1.0000
-5KQ66BBWC4,1380,0.118,0.412,0.375,0.925,4,1.0000
-5KQ66BBWC4,1380,0.445,0.166,0.685,0.524,4,1.0000
-5KQ66BBWC4,1381,0.025,0.045,0.569,1.000,3,1.0000
-5KQ66BBWC4,1381,0.025,0.045,0.569,1.000,4,1.0000
-5KQ66BBWC4,1382,0.002,0.039,0.462,0.983,4,1.0000
-5KQ66BBWC4,1383,0.000,0.042,0.476,0.991,2,1.0000
-5KQ66BBWC4,1383,0.000,0.042,0.476,0.991,4,1.0000
-5KQ66BBWC4,1384,0.003,0.059,0.457,0.976,2,1.0000
-5KQ66BBWC4,1384,0.003,0.059,0.457,0.976,4,1.0000
-5KQ66BBWC4,1385,0.009,0.040,0.485,0.987,2,1.0000
-5KQ66BBWC4,1385,0.009,0.040,0.485,0.987,4,1.0000
-5KQ66BBWC4,1386,0.001,0.045,0.464,0.982,2,1.0000
-5KQ66BBWC4,1386,0.001,0.045,0.464,0.982,4,1.0000
-5KQ66BBWC4,1387,0.004,0.049,0.483,0.981,2,1.0000
-5KQ66BBWC4,1387,0.004,0.049,0.483,0.981,4,1.0000
-5KQ66BBWC4,1388,0.010,0.032,0.472,0.979,2,1.0000
-5KQ66BBWC4,1388,0.010,0.032,0.472,0.979,4,1.0000
-5KQ66BBWC4,1389,0.000,0.038,0.454,0.973,2,1.0000
-5KQ66BBWC4,1389,0.000,0.038,0.454,0.973,4,1.0000
-5KQ66BBWC4,1390,0.473,0.069,1.000,0.987,2,1.0000
-5KQ66BBWC4,1391,0.470,0.063,1.000,0.983,2,1.0000
-5KQ66BBWC4,1392,0.473,0.065,1.000,0.989,2,1.0000
-5KQ66BBWC4,1393,0.005,0.022,0.847,0.984,2,1.0000
-5KQ66BBWC4,1393,0.005,0.022,0.847,0.984,3,1.0000
-5KQ66BBWC4,1394,0.017,0.000,0.847,0.979,2,1.0000
-5KQ66BBWC4,1395,0.015,0.000,0.920,0.975,2,1.0000
-5KQ66BBWC4,1396,0.024,0.000,0.846,0.989,2,1.0000
-5KQ66BBWC4,1397,0.000,0.006,0.892,0.982,2,1.0000
-5KQ66BBWC4,1398,0.000,0.000,0.907,1.000,2,1.0000
-5KQ66BBWC4,1399,0.012,0.000,0.890,0.980,2,1.0000
-5KQ66BBWC4,1400,0.018,0.000,0.937,0.985,2,1.0000
-5KQ66BBWC4,1401,0.000,0.000,0.852,0.987,2,1.0000
-5KQ66BBWC4,1402,0.025,0.000,0.877,0.983,2,1.0000
-5KQ66BBWC4,1403,0.007,0.000,0.881,0.979,2,1.0000
-5KQ66BBWC4,1404,0.046,0.000,0.957,0.986,2,1.0000
-5KQ66BBWC4,1405,0.131,0.000,0.940,1.000,2,1.0000
-5KQ66BBWC4,1406,0.063,0.002,0.939,0.990,2,1.0000
-5KQ66BBWC4,1406,0.063,0.002,0.939,0.990,4,1.0000
-5KQ66BBWC4,1407,0.053,0.000,0.940,0.989,2,1.0000
-5KQ66BBWC4,1407,0.053,0.000,0.940,0.989,4,1.0000
-5KQ66BBWC4,1408,0.000,0.165,0.303,0.776,2,1.0000
-5KQ66BBWC4,1408,0.759,0.065,0.994,0.601,3,1.0000
-5KQ66BBWC4,1408,0.000,0.165,0.303,0.776,4,1.0000
-5KQ66BBWC4,1408,0.759,0.065,0.994,0.601,4,1.0000
-5KQ66BBWC4,1409,0.000,0.172,0.297,0.776,2,1.0000
-5KQ66BBWC4,1409,0.758,0.068,0.995,0.600,3,1.0000
-5KQ66BBWC4,1409,0.000,0.172,0.297,0.776,4,1.0000
-5KQ66BBWC4,1409,0.758,0.068,0.995,0.600,4,1.0000
-5KQ66BBWC4,1410,0.004,0.171,0.290,0.769,2,1.0000
-5KQ66BBWC4,1410,0.756,0.069,0.995,0.583,3,1.0000
-5KQ66BBWC4,1410,0.004,0.171,0.290,0.769,4,1.0000
-5KQ66BBWC4,1410,0.756,0.069,0.995,0.583,4,1.0000
-5KQ66BBWC4,1411,0.001,0.172,0.300,0.773,2,1.0000
-5KQ66BBWC4,1411,0.761,0.072,0.992,0.572,3,1.0000
-5KQ66BBWC4,1411,0.001,0.172,0.300,0.773,4,1.0000
-5KQ66BBWC4,1411,0.761,0.072,0.992,0.572,4,1.0000
-5KQ66BBWC4,1412,0.530,0.054,1.000,0.989,2,1.0000
-5KQ66BBWC4,1412,0.000,0.174,0.298,0.766,3,1.0000
-5KQ66BBWC4,1412,0.000,0.174,0.298,0.766,4,1.0000
-5KQ66BBWC4,1412,0.530,0.054,1.000,0.989,4,1.0000
-5KQ66BBWC4,1413,0.542,0.066,0.984,0.956,2,1.0000
-5KQ66BBWC4,1413,0.013,0.171,0.301,0.772,3,1.0000
-5KQ66BBWC4,1413,0.013,0.171,0.301,0.772,4,1.0000
-5KQ66BBWC4,1413,0.542,0.066,0.984,0.956,4,1.0000
-5KQ66BBWC4,1414,0.516,0.057,0.993,0.985,2,1.0000
-5KQ66BBWC4,1414,0.008,0.172,0.303,0.763,3,1.0000
-5KQ66BBWC4,1414,0.008,0.172,0.303,0.763,4,1.0000
-5KQ66BBWC4,1414,0.516,0.057,0.993,0.985,4,1.0000
-5KQ66BBWC4,1419,0.569,0.024,0.992,0.820,2,1.0000
-5KQ66BBWC4,1419,0.000,0.174,0.335,0.827,3,1.0000
-5KQ66BBWC4,1419,0.000,0.174,0.335,0.827,4,1.0000
-5KQ66BBWC4,1420,0.534,0.031,0.999,0.921,2,1.0000
-5KQ66BBWC4,1420,0.000,0.186,0.332,0.824,3,1.0000
-5KQ66BBWC4,1421,0.535,0.026,0.997,0.936,2,1.0000
-5KQ66BBWC4,1421,0.000,0.183,0.346,0.831,3,1.0000
-5KQ66BBWC4,1422,0.000,0.170,0.343,0.834,2,1.0000
-5KQ66BBWC4,1422,0.520,0.025,1.000,0.934,3,1.0000
-5KQ66BBWC4,1423,0.001,0.163,0.337,0.834,2,1.0000
-5KQ66BBWC4,1423,0.523,0.033,1.000,0.914,3,1.0000
-5KQ66BBWC4,1424,0.000,0.176,0.341,0.828,2,1.0000
-5KQ66BBWC4,1424,0.558,0.034,0.989,0.843,3,1.0000
-5KQ66BBWC4,1425,0.000,0.168,0.359,0.830,2,1.0000
-5KQ66BBWC4,1425,0.573,0.028,0.999,0.830,3,1.0000
-5KQ66BBWC4,1426,0.000,0.168,0.338,0.836,2,1.0000
-5KQ66BBWC4,1426,0.526,0.019,1.000,0.912,3,1.0000
-5KQ66BBWC4,1427,0.000,0.174,0.359,0.834,2,1.0000
-5KQ66BBWC4,1427,0.518,0.021,1.000,0.918,3,1.0000
-5KQ66BBWC4,1428,0.003,0.178,0.354,0.826,2,1.0000
-5KQ66BBWC4,1428,0.572,0.014,0.997,0.838,3,1.0000
-5KQ66BBWC4,1429,0.000,0.184,0.342,0.826,2,1.0000
-5KQ66BBWC4,1429,0.576,0.027,0.998,0.818,3,1.0000
-5KQ66BBWC4,1430,0.000,0.186,0.334,0.830,2,1.0000
-5KQ66BBWC4,1430,0.524,0.026,1.000,0.910,3,1.0000
-5KQ66BBWC4,1431,0.000,0.189,0.336,0.839,2,1.0000
-5KQ66BBWC4,1431,0.574,0.031,0.997,0.825,3,1.0000
-5KQ66BBWC4,1432,0.001,0.189,0.343,0.839,2,1.0000
-5KQ66BBWC4,1432,0.583,0.047,0.993,0.846,3,1.0000
-5KQ66BBWC4,1433,0.000,0.185,0.345,0.832,2,1.0000
-5KQ66BBWC4,1433,0.592,0.027,0.996,0.816,3,1.0000
-5KQ66BBWC4,1434,0.000,0.183,0.358,0.834,2,1.0000
-5KQ66BBWC4,1434,0.566,0.019,0.994,0.892,3,1.0000
-5KQ66BBWC4,1435,0.072,0.000,0.983,0.984,2,1.0000
-5KQ66BBWC4,1436,0.059,0.000,1.000,0.995,2,1.0000
-5KQ66BBWC4,1437,0.128,0.000,0.991,0.988,2,1.0000
-5KQ66BBWC4,1438,0.083,0.000,0.995,0.997,2,1.0000
-5KQ66BBWC4,1440,0.007,0.000,0.880,0.965,2,1.0000
-5KQ66BBWC4,1441,0.000,0.000,0.876,0.977,2,1.0000
-5KQ66BBWC4,1442,0.000,0.001,0.845,0.969,2,1.0000
-5KQ66BBWC4,1443,0.008,0.000,0.840,0.981,2,1.0000
-5KQ66BBWC4,1444,0.000,0.016,1.000,0.977,3,1.0000
-5KQ66BBWC4,1539,0.205,0.000,0.921,0.925,5,1.0000
-5KQ66BBWC4,1540,0.288,0.003,0.953,0.794,5,1.0000
-5KQ66BBWC4,1541,0.286,0.026,0.895,0.753,5,1.0000
-5KQ66BBWC4,1542,0.360,0.016,0.953,0.708,5,1.0000
-5KQ66BBWC4,1546,0.333,0.278,0.773,0.790,5,1.0000
-5KQ66BBWC4,1548,0.372,0.264,0.717,0.823,5,1.0000
-5KQ66BBWC4,1549,0.390,0.251,0.717,0.844,5,1.0000
-5KQ66BBWC4,1550,0.431,0.281,0.721,0.817,5,1.0000
-5KQ66BBWC4,1551,0.397,0.281,0.726,0.870,5,1.0000
-5KQ66BBWC4,1552,0.437,0.293,0.724,0.842,5,1.0000
-5KQ66BBWC4,1553,0.435,0.277,0.712,0.838,5,1.0000
-5KQ66BBWC4,1554,0.490,0.301,0.738,0.853,5,1.0000
-5KQ66BBWC4,1555,0.440,0.295,0.727,0.851,5,1.0000
-5KQ66BBWC4,1556,0.472,0.322,0.729,0.776,5,1.0000
-5KQ66BBWC4,1557,0.413,0.317,0.720,0.821,5,1.0000
-5KQ66BBWC4,1558,0.503,0.293,0.721,0.860,5,1.0000
-5KQ66BBWC4,1559,0.268,0.000,0.627,0.982,5,1.0000
-5KQ66BBWC4,1560,0.145,0.008,0.685,0.968,5,1.0000
-5KQ66BBWC4,1561,0.161,0.044,0.566,0.970,5,1.0000
-5KQ66BBWC4,1562,0.218,0.087,0.602,0.978,5,1.0000
-5KQ66BBWC4,1563,0.252,0.052,0.717,0.977,5,1.0000
-5KQ66BBWC4,1566,0.213,0.016,0.574,0.966,5,1.0000
-5KQ66BBWC4,1567,0.241,0.036,0.848,0.849,5,1.0000
-5KQ66BBWC4,1568,0.154,0.052,0.703,0.982,5,1.0000
-5KQ66BBWC4,1569,0.205,0.010,0.795,0.960,5,1.0000
-5KQ66BBWC4,1573,0.076,0.017,0.766,1.000,5,1.0000
-5KQ66BBWC4,1577,0.049,0.030,0.538,0.956,5,1.0000
-5KQ66BBWC4,1584,0.058,0.070,0.370,0.712,5,1.0000
-5KQ66BBWC4,1585,0.048,0.082,0.385,0.727,5,1.0000
-5KQ66BBWC4,1586,0.073,0.071,0.223,0.750,5,1.0000
-5KQ66BBWC4,1587,0.057,0.074,0.256,0.735,5,1.0000
-5KQ66BBWC4,1588,0.054,0.088,0.203,0.761,5,1.0000
-5KQ66BBWC4,1591,0.810,0.100,0.997,0.980,2,1.0000
-5KQ66BBWC4,1591,0.257,0.118,0.451,0.955,3,1.0000
-5KQ66BBWC4,1591,0.257,0.118,0.451,0.955,5,1.0000
-5KQ66BBWC4,1592,0.758,0.047,0.987,0.907,2,1.0000
-5KQ66BBWC4,1592,0.363,0.075,0.589,0.677,3,1.0000
-5KQ66BBWC4,1593,0.686,0.092,0.998,0.976,2,1.0000
-5KQ66BBWC4,1593,0.344,0.082,0.538,0.904,3,1.0000
-5KQ66BBWC4,1594,0.680,0.109,0.986,0.984,2,1.0000
-5KQ66BBWC4,1594,0.336,0.096,0.540,0.926,3,1.0000
-5KQ66BBWC4,1595,0.679,0.099,0.999,0.981,2,1.0000
-5KQ66BBWC4,1595,0.310,0.096,0.509,0.721,3,1.0000
-5KQ66BBWC4,1596,0.681,0.109,0.993,0.991,2,1.0000
-5KQ66BBWC4,1596,0.324,0.082,0.544,0.957,3,1.0000
-5KQ66BBWC4,1597,0.691,0.104,0.997,0.963,2,1.0000
-5KQ66BBWC4,1597,0.341,0.105,0.522,0.759,3,1.0000
-5KQ66BBWC4,1598,0.000,0.063,0.410,0.985,2,1.0000
-5KQ66BBWC4,1598,0.817,0.007,1.000,1.000,3,1.0000
-5KQ66BBWC4,1599,0.000,0.064,0.420,0.991,2,1.0000
-5KQ66BBWC4,1600,0.498,0.109,0.995,0.979,2,1.0000
-5KQ66BBWC4,1600,0.061,0.041,0.312,0.977,3,1.0000
-5KQ66BBWC4,1601,0.139,0.105,0.972,0.995,2,1.0000
-5KQ66BBWC4,1601,0.027,0.073,0.278,0.985,3,1.0000
-5KQ66BBWC4,1602,0.551,0.101,0.990,1.000,2,1.0000
-5KQ66BBWC4,1602,0.000,0.089,0.225,0.980,3,1.0000
-5KQ66BBWC4,1603,0.353,0.128,0.986,0.991,2,1.0000
-5KQ66BBWC4,1603,0.004,0.086,0.250,0.991,3,1.0000
-5KQ66BBWC4,1604,0.070,0.190,0.669,0.977,2,1.0000
-5KQ66BBWC4,1604,0.000,0.196,0.265,0.986,3,1.0000
-5KQ66BBWC4,1605,0.000,0.053,0.587,0.996,2,1.0000
-5KQ66BBWC4,1605,0.456,0.179,0.881,0.998,2,1.0000
-5KQ66BBWC4,1605,0.456,0.179,0.881,0.998,3,1.0000
-5KQ66BBWC4,1606,0.042,0.006,0.898,1.000,2,1.0000
-5KQ66BBWC4,1607,0.085,0.011,0.842,1.000,2,1.0000
-5KQ66BBWC4,1608,0.051,0.000,0.879,0.988,2,1.0000
-5KQ66BBWC4,1609,0.857,0.094,1.000,0.976,2,1.0000
-5KQ66BBWC4,1609,0.341,0.097,0.519,0.815,3,1.0000
-5KQ66BBWC4,1610,0.832,0.112,1.000,0.933,2,1.0000
-5KQ66BBWC4,1610,0.338,0.100,0.509,0.772,3,1.0000
-5KQ66BBWC4,1611,0.617,0.103,0.946,0.942,2,1.0000
-5KQ66BBWC4,1611,0.318,0.098,0.475,0.762,3,1.0000
-5KQ66BBWC4,1612,0.732,0.142,0.994,0.940,2,1.0000
-5KQ66BBWC4,1612,0.309,0.097,0.441,0.878,3,1.0000
-5KQ66BBWC4,1613,0.789,0.167,0.976,0.809,2,1.0000
-5KQ66BBWC4,1613,0.275,0.077,0.447,0.886,3,1.0000
-5KQ66BBWC4,1614,0.286,0.105,0.449,0.857,3,1.0000
-5KQ66BBWC4,1615,0.225,0.094,0.415,0.888,3,1.0000
-5KQ66BBWC4,1616,0.301,0.160,0.581,0.802,2,1.0000
-5KQ66BBWC4,1616,0.228,0.106,0.403,0.752,3,1.0000
-5KQ66BBWC4,1640,0.051,0.043,0.932,0.987,2,1.0000
-5KQ66BBWC4,1648,0.059,0.087,0.825,0.966,2,1.0000
-5KQ66BBWC4,1649,0.056,0.000,0.833,0.980,2,1.0000
-5KQ66BBWC4,1654,0.132,0.102,0.268,0.777,3,1.0000
-5KQ66BBWC4,1655,0.125,0.093,0.259,0.781,3,1.0000
-5KQ66BBWC4,1655,0.329,0.502,0.579,0.879,3,1.0000
-5KQ66BBWC4,1656,0.649,0.082,0.861,0.919,2,1.0000
-5KQ66BBWC4,1656,0.106,0.101,0.228,0.622,3,1.0000
-5KQ66BBWC4,1657,0.500,0.047,0.645,0.537,2,1.0000
-5KQ66BBWC4,1657,0.116,0.106,0.234,0.662,3,1.0000
-5KQ66BBWC4,1657,0.584,0.187,0.822,0.880,3,1.0000
-5KQ66BBWC4,1658,0.115,0.096,0.329,0.641,2,1.0000
-5KQ66BBWC4,1658,0.491,0.055,0.625,0.717,3,1.0000
-5KQ66BBWC4,1658,0.608,0.170,0.785,0.676,3,1.0000
-5KQ66BBWC4,1659,0.105,0.086,0.222,0.771,2,1.0000
-5KQ66BBWC4,1659,0.479,0.054,0.622,0.744,3,1.0000
-5KQ66BBWC4,1659,0.607,0.159,0.782,0.657,3,1.0000
-5KQ66BBWC4,1660,0.000,0.001,0.495,0.994,2,1.0000
-5KQ66BBWC4,1660,0.000,0.001,0.495,0.994,3,1.0000
-5KQ66BBWC4,1660,0.592,0.338,0.993,0.994,3,1.0000
-5KQ66BBWC4,1661,0.000,0.000,0.462,0.981,2,1.0000
-5KQ66BBWC4,1661,0.599,0.339,0.996,0.998,3,1.0000
-5KQ66BBWC4,1662,0.000,0.000,0.524,1.000,2,1.0000
-5KQ66BBWC4,1662,0.597,0.353,1.000,0.997,3,1.0000
-5KQ66BBWC4,1663,0.669,0.472,0.989,0.996,3,1.0000
-5KQ66BBWC4,1665,0.000,0.000,0.518,0.990,3,1.0000
-5KQ66BBWC4,1666,0.512,0.031,0.989,1.000,2,1.0000
-5KQ66BBWC4,1667,0.548,0.041,0.990,0.990,2,1.0000
-5KQ66BBWC4,1668,0.566,0.068,0.997,0.994,2,1.0000
-5KQ66BBWC4,1669,0.501,0.050,0.992,0.992,2,1.0000
-5KQ66BBWC4,1669,0.013,0.000,0.695,1.000,3,1.0000
-5KQ66BBWC4,1670,0.585,0.014,1.000,0.986,2,1.0000
-5KQ66BBWC4,1671,0.009,0.011,0.663,0.983,2,1.0000
-5KQ66BBWC4,1672,0.011,0.016,0.659,0.983,2,1.0000
-5KQ66BBWC4,1673,0.009,0.000,0.646,0.984,2,1.0000
-5KQ66BBWC4,1674,0.236,0.040,0.980,0.981,2,1.0000
-5KQ66BBWC4,1675,0.218,0.037,0.961,0.978,2,1.0000
-5KQ66BBWC4,1676,0.008,0.029,0.674,0.983,3,1.0000
-5KQ66BBWC4,1684,0.099,0.000,1.000,0.979,3,1.0000
-5KQ66BBWC4,1690,0.060,0.000,0.978,0.989,3,1.0000
-5KQ66BBWC4,1691,0.193,0.000,0.984,0.988,3,1.0000
-5KQ66BBWC4,1692,0.279,0.178,0.401,0.880,3,1.0000
-5KQ66BBWC4,1693,0.270,0.170,0.378,0.910,3,1.0000
-5KQ66BBWC4,1694,0.267,0.172,0.374,0.899,3,1.0000
-5KQ66BBWC4,1699,0.326,0.172,0.438,0.618,3,1.0000
-5KQ66BBWC4,1700,0.321,0.173,0.433,0.622,3,1.0000
-5KQ66BBWC4,1702,0.190,0.176,0.379,0.861,3,1.0000
-5KQ66BBWC4,1703,0.130,0.159,0.267,0.944,3,1.0000
-5KQ66BBWC4,1704,0.049,0.181,0.280,0.949,3,1.0000
-5KQ66BBWC4,1705,0.144,0.187,0.294,0.939,3,1.0000
-5KQ66BBWC4,1706,0.217,0.154,0.379,0.844,3,1.0000
-5KQ66BBWC4,1707,0.265,0.156,0.402,0.751,3,1.0000
-5KQ66BBWC4,1708,0.273,0.146,0.385,0.729,3,1.0000
-5KQ66BBWC4,1709,0.279,0.146,0.392,0.758,3,1.0000
-5KQ66BBWC4,1711,0.233,0.170,0.388,0.841,3,1.0000
-5KQ66BBWC4,1714,0.094,0.214,0.257,0.903,3,1.0000
-5KQ66BBWC4,1715,0.092,0.198,0.268,0.886,3,1.0000
-5KQ66BBWC4,1719,0.152,0.302,0.300,0.907,3,1.0000
-5KQ66BBWC4,1720,0.156,0.215,0.304,0.900,3,1.0000
-5KQ66BBWC4,1721,0.156,0.163,0.319,0.900,3,1.0000
-5KQ66BBWC4,1722,0.153,0.164,0.312,0.891,3,1.0000
-5KQ66BBWC4,1723,0.170,0.171,0.300,0.899,3,1.0000
-5KQ66BBWC4,1724,0.166,0.156,0.296,0.916,3,1.0000
-5KQ66BBWC4,1725,0.171,0.172,0.297,0.925,3,1.0000
-5KQ66BBWC4,1775,0.000,0.192,0.172,0.964,3,1.0000
-5KQ66BBWC4,1791,0.000,0.250,0.144,0.969,3,1.0000
-5KQ66BBWC4,1791,0.630,0.065,0.989,0.968,3,1.0000
-5KQ66BBWC4,1793,0.132,0.042,0.609,0.986,3,1.0000
-5KQ66BBWC4,1793,0.487,0.075,0.679,0.972,3,1.0000
-5KQ66BBWC4,1794,0.300,0.153,0.748,0.963,3,1.0000
-5KQ66BBWC4,1795,0.240,0.096,0.630,0.990,3,1.0000
-5KQ66BBWC4,1796,0.000,0.281,0.094,1.000,3,1.0000
-5KQ66BBWC4,1796,0.244,0.087,0.621,0.995,3,1.0000
-5KQ66BBWC4,1797,0.001,0.281,0.090,1.000,3,1.0000
-5KQ66BBWC4,1797,0.252,0.092,0.537,1.000,3,1.0000
-FaXLcSFjUI,0940,0.172,0.058,0.911,0.970,3,1.0000
-FaXLcSFjUI,0993,0.629,0.199,0.899,0.654,3,1.0000
-FaXLcSFjUI,0996,0.372,0.361,0.775,0.932,3,1.0000
-FaXLcSFjUI,0997,0.655,0.228,0.905,0.784,3,1.0000
-FaXLcSFjUI,0998,0.613,0.241,0.889,0.732,3,1.0000
-FaXLcSFjUI,1057,0.444,0.343,0.494,0.431,3,1.0000
-FaXLcSFjUI,1120,0.044,0.002,0.350,0.998,3,1.0000
-FaXLcSFjUI,1121,0.053,0.002,0.383,0.996,3,1.0000
-FaXLcSFjUI,1122,0.037,0.010,0.451,0.978,3,1.0000
-FaXLcSFjUI,1123,0.051,0.002,0.426,0.998,3,1.0000
-FaXLcSFjUI,1133,0.044,0.004,0.401,0.996,3,1.0000
-FaXLcSFjUI,1134,0.046,0.002,0.421,0.996,3,1.0000
-FaXLcSFjUI,1135,0.042,0.000,0.429,0.996,3,1.0000
-FaXLcSFjUI,1139,0.270,0.109,0.832,1.000,3,1.0000
-FaXLcSFjUI,1140,0.355,0.093,0.951,0.993,3,1.0000
-FaXLcSFjUI,1141,0.355,0.119,0.958,0.995,3,1.0000
-FaXLcSFjUI,1142,0.374,0.119,0.946,0.999,3,1.0000
-FaXLcSFjUI,1144,0.303,0.101,0.819,0.991,3,1.0000
-FaXLcSFjUI,1145,0.396,0.084,0.949,0.989,3,1.0000
-FaXLcSFjUI,1148,0.434,0.081,0.961,0.982,3,1.0000
