1j20qq1JyX4,0902,0.036,0.098,0.550,0.979,1,0.4894
1j20qq1JyX4,0902,0.036,0.098,0.550,0.979,2,0.5035
1j20qq1JyX4,0902,0.036,0.098,0.550,0.979,3,0.5108
1j20qq1JyX4,0902,0.036,0.098,0.550,0.979,4,0.4924
1j20qq1JyX4,0902,0.036,0.098,0.550,0.979,5,0.5095
1j20qq1JyX4,0902,0.443,0.040,0.990,0.989,1,0.4927
1j20qq1JyX4,0902,0.443,0.040,0.990,0.989,2,0.5036
1j20qq1JyX4,0902,0.443,0.040,0.990,0.989,3,0.5136
1j20qq1JyX4,0902,0.443,0.040,0.990,0.989,4,0.4953
1j20qq1JyX4,0902,0.443,0.040,0.990,0.989,5,0.5107
1j20qq1JyX4,0903,0.046,0.071,0.941,0.967,1,0.4945
1j20qq1JyX4,0903,0.046,0.071,0.941,0.967,2,0.5129
1j20qq1JyX4,0903,0.046,0.071,0.941,0.967,3,0.5279
1j20qq1JyX4,0903,0.046,0.071,0.941,0.967,4,0.4833
1j20qq1JyX4,0903,0.046,0.071,0.941,0.967,5,0.5313
1j20qq1JyX4,0904,0.043,0.052,0.953,0.974,1,0.4988
1j20qq1JyX4,0904,0.043,0.052,0.953,0.974,2,0.5032
1j20qq1JyX4,0904,0.043,0.052,0.953,0.974,3,0.5025
1j20qq1JyX4,0904,0.043,0.052,0.953,0.974,4,0.4787
1j20qq1JyX4,0904,0.043,0.052,0.953,0.974,5,0.5128
1j20qq1JyX4,0905,0.205,0.021,0.988,0.976,1,0.4822
1j20qq1JyX4,0905,0.205,0.021,0.988,0.976,2,0.5081
1j20qq1JyX4,0905,0.205,0.021,0.988,0.976,3,0.4996
1j20qq1JyX4,0905,0.205,0.021,0.988,0.976,4,0.4919
1j20qq1JyX4,0905,0.205,0.021,0.988,0.976,5,0.4921
1j20qq1JyX4,0906,0.202,0.027,0.986,0.977,1,0.4868
1j20qq1JyX4,0906,0.202,0.027,0.986,0.977,2,0.5083
1j20qq1JyX4,0906,0.202,0.027,0.986,0.977,3,0.5053
1j20qq1JyX4,0906,0.202,0.027,0.986,0.977,4,0.5018
1j20qq1JyX4,0906,0.202,0.027,0.986,0.977,5,0.5080
1j20qq1JyX4,0907,0.029,0.128,0.958,0.963,1,0.5002
1j20qq1JyX4,0907,0.029,0.128,0.958,0.963,2,0.5103
1j20qq1JyX4,0907,0.029,0.128,0.958,0.963,3,0.5238
1j20qq1JyX4,0907,0.029,0.128,0.958,0.963,4,0.4885
1j20qq1JyX4,0907,0.029,0.128,0.958,0.963,5,0.5238
1j20qq1JyX4,0908,0.026,0.014,0.943,0.950,1,0.4962
1j20qq1JyX4,0908,0.026,0.014,0.943,0.950,2,0.5064
1j20qq1JyX4,0908,0.026,0.014,0.943,0.950,3,0.5212
1j20qq1JyX4,0908,0.026,0.014,0.943,0.950,4,0.4857
1j20qq1JyX4,0908,0.026,0.014,0.943,0.950,5,0.5283
1j20qq1JyX4,0909,0.030,0.403,0.422,0.991,1,0.4808
1j20qq1JyX4,0909,0.030,0.403,0.422,0.991,2,0.5087
1j20qq1JyX4,0909,0.030,0.403,0.422,0.991,3,0.5229
1j20qq1JyX4,0909,0.030,0.403,0.422,0.991,4,0.4902
1j20qq1JyX4,0909,0.030,0.403,0.422,0.991,5,0.5209
1j20qq1JyX4,0909,0.305,0.089,0.954,0.985,1,0.4918
1j20qq1JyX4,0909,0.305,0.089,0.954,0.985,2,0.5054
1j20qq1JyX4,0909,0.305,0.089,0.954,0.985,3,0.5227
1j20qq1JyX4,0909,0.305,0.089,0.954,0.985,4,0.4872
1j20qq1JyX4,0909,0.305,0.089,0.954,0.985,5,0.5267
1j20qq1JyX4,0910,0.050,0.033,0.823,0.980,1,0.4885
1j20qq1JyX4,0910,0.050,0.033,0.823,0.980,2,0.4977
1j20qq1JyX4,0910,0.050,0.033,0.823,0.980,3,0.4986
1j20qq1JyX4,0910,0.050,0.033,0.823,0.980,4,0.4918
1j20qq1JyX4,0910,0.050,0.033,0.823,0.980,5,0.4992
1j20qq1JyX4,0910,0.748,0.439,0.991,0.988,1,0.4907
1j20qq1JyX4,0910,0.748,0.439,0.991,0.988,2,0.4987
1j20qq1JyX4,0910,0.748,0.439,0.991,0.988,3,0.5089
1j20qq1JyX4,0910,0.748,0.439,0.991,0.988,4,0.4925
1j20qq1JyX4,0910,0.748,0.439,0.991,0.988,5,0.5035
1j20qq1JyX4,0911,0.221,0.051,0.990,0.980,1,0.4813
1j20qq1JyX4,0911,0.221,0.051,0.990,0.980,2,0.5076
1j20qq1JyX4,0911,0.221,0.051,0.990,0.980,3,0.5034
1j20qq1JyX4,0911,0.221,0.051,0.990,0.980,4,0.4984
1j20qq1JyX4,0911,0.221,0.051,0.990,0.980,5,0.4948
1j20qq1JyX4,0912,0.201,0.043,0.991,0.978,1,0.4848
1j20qq1JyX4,0912,0.201,0.043,0.991,0.978,2,0.5026
1j20qq1JyX4,0912,0.201,0.043,0.991,0.978,3,0.5058
1j20qq1JyX4,0912,0.201,0.043,0.991,0.978,4,0.5033
1j20qq1JyX4,0912,0.201,0.043,0.991,0.978,5,0.5041
1j20qq1JyX4,0913,0.023,0.024,0.626,0.972,1,0.4954
1j20qq1JyX4,0913,0.023,0.024,0.626,0.972,2,0.5059
1j20qq1JyX4,0913,0.023,0.024,0.626,0.972,3,0.5147
1j20qq1JyX4,0913,0.023,0.024,0.626,0.972,4,0.4834
1j20qq1JyX4,0913,0.023,0.024,0.626,0.972,5,0.5198
1j20qq1JyX4,0913,0.603,0.536,0.942,0.986,1,0.4964
1j20qq1JyX4,0913,0.603,0.536,0.942,0.986,2,0.5080
1j20qq1JyX4,0913,0.603,0.536,0.942,0.986,3,0.5079
1j20qq1JyX4,0913,0.603,0.536,0.942,0.986,4,0.4904
1j20qq1JyX4,0913,0.603,0.536,0.942,0.986,5,0.5177
1j20qq1JyX4,0914,0.033,0.071,0.679,0.990,1,0.4988
1j20qq1JyX4,0914,0.033,0.071,0.679,0.990,2,0.5047
1j20qq1JyX4,0914,0.033,0.071,0.679,0.990,3,0.5232
1j20qq1JyX4,0914,0.033,0.071,0.679,0.990,4,0.4794
1j20qq1JyX4,0914,0.033,0.071,0.679,0.990,5,0.5289
1j20qq1JyX4,0914,0.690,0.584,0.964,0.990,1,0.5004
1j20qq1JyX4,0914,0.690,0.584,0.964,0.990,2,0.5037
1j20qq1JyX4,0914,0.690,0.584,0.964,0.990,3,0.5148
1j20qq1JyX4,0914,0.690,0.584,0.964,0.990,4,0.4901
1j20qq1JyX4,0914,0.690,0.584,0.964,0.990,5,0.5257
1j20qq1JyX4,0915,0.057,0.063,0.746,0.983,1,0.4926
1j20qq1JyX4,0915,0.057,0.063,0.746,0.983,2,0.5054
1j20qq1JyX4,0915,0.057,0.063,0.746,0.983,3,0.5238
1j20qq1JyX4,0915,0.057,0.063,0.746,0.983,4,0.4809
1j20qq1JyX4,0915,0.057,0.063,0.746,0.983,5,0.5277
1j20qq1JyX4,0915,0.804,0.596,0.986,0.986,1,0.5002
1j20qq1JyX4,0915,0.804,0.596,0.986,0.986,2,0.5020
1j20qq1JyX4,0915,0.804,0.596,0.986,0.986,3,0.5145
1j20qq1JyX4,0915,0.804,0.596,0.986,0.986,4,0.4843
1j20qq1JyX4,0915,0.804,0.596,0.986,0.986,5,0.5217
1j20qq1JyX4,0916,0.028,0.079,0.657,0.983,1,0.4934
1j20qq1JyX4,0916,0.028,0.079,0.657,0.983,2,0.5115
1j20qq1JyX4,0916,0.028,0.079,0.657,0.983,3,0.5258
1j20qq1JyX4,0916,0.028,0.079,0.657,0.983,4,0.4847
1j20qq1JyX4,0916,0.028,0.079,0.657,0.983,5,0.5306
1j20qq1JyX4,0917,0.060,0.115,0.769,0.978,1,0.4920
1j20qq1JyX4,0917,0.060,0.115,0.769,0.978,2,0.5142
1j20qq1JyX4,0917,0.060,0.115,0.769,0.978,3,0.5274
1j20qq1JyX4,0917,0.060,0.115,0.769,0.978,4,0.4823
1j20qq1JyX4,0917,0.060,0.115,0.769,0.978,5,0.5333
1j20qq1JyX4,0918,0.027,0.080,0.745,0.983,1,0.4935
1j20qq1JyX4,0918,0.027,0.080,0.745,0.983,2,0.5139
1j20qq1JyX4,0918,0.027,0.080,0.745,0.983,3,0.5290
1j20qq1JyX4,0918,0.027,0.080,0.745,0.983,4,0.4847
1j20qq1JyX4,0918,0.027,0.080,0.745,0.983,5,0.5375
1j20qq1JyX4,0918,0.799,0.698,0.980,0.992,1,0.5056
1j20qq1JyX4,0918,0.799,0.698,0.980,0.992,2,0.5013
1j20qq1JyX4,0918,0.799,0.698,0.980,0.992,3,0.5233
1j20qq1JyX4,0918,0.799,0.698,0.980,0.992,4,0.4866
1j20qq1JyX4,0918,0.799,0.698,0.980,0.992,5,0.5327
1j20qq1JyX4,0919,0.025,0.086,0.750,0.984,1,0.4978
1j20qq1JyX4,0919,0.025,0.086,0.750,0.984,2,0.5125
1j20qq1JyX4,0919,0.025,0.086,0.750,0.984,3,0.5342
1j20qq1JyX4,0919,0.025,0.086,0.750,0.984,4,0.4818
1j20qq1JyX4,0919,0.025,0.086,0.750,0.984,5,0.5378
1j20qq1JyX4,0920,0.029,0.093,0.798,0.982,1,0.4901
1j20qq1JyX4,0920,0.029,0.093,0.798,0.982,2,0.5121
1j20qq1JyX4,0920,0.029,0.093,0.798,0.982,3,0.5324
1j20qq1JyX4,0920,0.029,0.093,0.798,0.982,4,0.4796
1j20qq1JyX4,0920,0.029,0.093,0.798,0.982,5,0.5323
1j20qq1JyX4,0921,0.032,0.092,0.712,0.983,1,0.4969
1j20qq1JyX4,0921,0.032,0.092,0.712,0.983,2,0.5143
1j20qq1JyX4,0921,0.032,0.092,0.712,0.983,3,0.5336
1j20qq1JyX4,0921,0.032,0.092,0.712,0.983,4,0.4874
1j20qq1JyX4,0921,0.032,0.092,0.712,0.983,5,0.5323
1j20qq1JyX4,0921,0.831,0.709,0.990,0.993,1,0.5081
1j20qq1JyX4,0921,0.831,0.709,0.990,0.993,2,0.5086
1j20qq1JyX4,0921,0.831,0.709,0.990,0.993,3,0.5142
1j20qq1JyX4,0921,0.831,0.709,0.990,0.993,4,0.4878
1j20qq1JyX4,0921,0.831,0.709,0.990,0.993,5,0.5347
1j20qq1JyX4,0922,0.021,0.079,0.795,0.982,1,0.4773
1j20qq1JyX4,0922,0.021,0.079,0.795,0.982,2,0.5063
1j20qq1JyX4,0922,0.021,0.079,0.795,0.982,3,0.5140
1j20qq1JyX4,0922,0.021,0.079,0.795,0.982,4,0.4839
1j20qq1JyX4,0922,0.021,0.079,0.795,0.982,5,0.5168
1j20qq1JyX4,0922,0.834,0.701,0.984,0.989,1,0.4921
1j20qq1JyX4,0922,0.834,0.701,0.984,0.989,2,0.5025
1j20qq1JyX4,0922,0.834,0.701,0.984,0.989,3,0.5093
1j20qq1JyX4,0922,0.834,0.701,0.984,0.989,4,0.4877
1j20qq1JyX4,0922,0.834,0.701,0.984,0.989,5,0.5184
1j20qq1JyX4,0923,0.517,0.055,0.985,0.971,1,0.4866
1j20qq1JyX4,0923,0.517,0.055,0.985,0.971,2,0.4989
1j20qq1JyX4,0923,0.517,0.055,0.985,0.971,3,0.5110
1j20qq1JyX4,0923,0.517,0.055,0.985,0.971,4,0.4907
1j20qq1JyX4,0923,0.517,0.055,0.985,0.971,5,0.5175
1j20qq1JyX4,0923,0.424,0.240,0.687,0.974,1,0.4875
1j20qq1JyX4,0923,0.424,0.240,0.687,0.974,2,0.4949
1j20qq1JyX4,0923,0.424,0.240,0.687,0.974,3,0.5092
1j20qq1JyX4,0923,0.424,0.240,0.687,0.974,4,0.4824
1j20qq1JyX4,0923,0.424,0.240,0.687,0.974,5,0.5088
1j20qq1JyX4,0923,0.070,0.200,0.444,0.984,1,0.4812
1j20qq1JyX4,0923,0.070,0.200,0.444,0.984,2,0.4912
1j20qq1JyX4,0923,0.070,0.200,0.444,0.984,3,0.5042
1j20qq1JyX4,0923,0.070,0.200,0.444,0.984,4,0.4867
1j20qq1JyX4,0923,0.070,0.200,0.444,0.984,5,0.4995
1j20qq1JyX4,0924,0.020,0.128,0.825,0.977,1,0.4930
1j20qq1JyX4,0924,0.020,0.128,0.825,0.977,2,0.5098
1j20qq1JyX4,0924,0.020,0.128,0.825,0.977,3,0.5244
1j20qq1JyX4,0924,0.020,0.128,0.825,0.977,4,0.4835
1j20qq1JyX4,0924,0.020,0.128,0.825,0.977,5,0.5206
1j20qq1JyX4,0925,0.024,0.084,0.775,0.980,1,0.4942
1j20qq1JyX4,0925,0.024,0.084,0.775,0.980,2,0.5179
1j20qq1JyX4,0925,0.024,0.084,0.775,0.980,3,0.5287
1j20qq1JyX4,0925,0.024,0.084,0.775,0.980,4,0.4770
1j20qq1JyX4,0925,0.024,0.084,0.775,0.980,5,0.5297
1j20qq1JyX4,0926,0.024,0.077,0.767,0.974,1,0.4957
1j20qq1JyX4,0926,0.024,0.077,0.767,0.974,2,0.5197
1j20qq1JyX4,0926,0.024,0.077,0.767,0.974,3,0.5284
1j20qq1JyX4,0926,0.024,0.077,0.767,0.974,4,0.4808
1j20qq1JyX4,0926,0.024,0.077,0.767,0.974,5,0.5286
1j20qq1JyX4,0926,0.754,0.687,0.927,0.984,1,0.4988
1j20qq1JyX4,0926,0.754,0.687,0.927,0.984,2,0.5154
1j20qq1JyX4,0926,0.754,0.687,0.927,0.984,3,0.5170
1j20qq1JyX4,0926,0.754,0.687,0.927,0.984,4,0.4844
1j20qq1JyX4,0926,0.754,0.687,0.927,0.984,5,0.5353
1j20qq1JyX4,0927,0.034,0.081,0.772,0.976,1,0.4964
1j20qq1JyX4,0927,0.034,0.081,0.772,0.976,2,0.5202
1j20qq1JyX4,0927,0.034,0.081,0.772,0.976,3,0.5289
1j20qq1JyX4,0927,0.034,0.081,0.772,0.976,4,0.4789
1j20qq1JyX4,0927,0.034,0.081,0.772,0.976,5,0.5336
1j20qq1JyX4,0927,0.757,0.693,0.924,0.981,1,0.4969
1j20qq1JyX4,0927,0.757,0.693,0.924,0.981,2,0.5145
1j20qq1JyX4,0927,0.757,0.693,0.924,0.981,3,0.5162
1j20qq1JyX4,0927,0.757,0.693,0.924,0.981,4,0.4818
1j20qq1JyX4,0927,0.757,0.693,0.924,0.981,5,0.5362
1j20qq1JyX4,0928,0.781,0.714,0.967,0.993,1,0.5025
1j20qq1JyX4,0928,0.781,0.714,0.967,0.993,2,0.5119
1j20qq1JyX4,0928,0.781,0.714,0.967,0.993,3,0.5194
1j20qq1JyX4,0928,0.781,0.714,0.967,0.993,4,0.4721
1j20qq1JyX4,0928,0.781,0.714,0.967,0.993,5,0.5373
1j20qq1JyX4,0928,0.026,0.088,0.775,0.976,1,0.4951
1j20qq1JyX4,0928,0.026,0.088,0.775,0.976,2,0.5146
1j20qq1JyX4,0928,0.026,0.088,0.775,0.976,3,0.5269
1j20qq1JyX4,0928,0.026,0.088,0.775,0.976,4,0.4790
1j20qq1JyX4,0928,0.026,0.088,0.775,0.976,5,0.5306
1j20qq1JyX4,0929,0.031,0.046,0.805,0.985,1,0.4927
1j20qq1JyX4,0929,0.031,0.046,0.805,0.985,2,0.5157
1j20qq1JyX4,0929,0.031,0.046,0.805,0.985,3,0.5293
1j20qq1JyX4,0929,0.031,0.046,0.805,0.985,4,0.4823
1j20qq1JyX4,0929,0.031,0.046,0.805,0.985,5,0.5269
1j20qq1JyX4,0929,0.863,0.669,0.987,0.991,1,0.5057
1j20qq1JyX4,0929,0.863,0.669,0.987,0.991,2,0.5083
1j20qq1JyX4,0929,0.863,0.669,0.987,0.991,3,0.5140
1j20qq1JyX4,0929,0.863,0.669,0.987,0.991,4,0.4820
1j20qq1JyX4,0929,0.863,0.669,0.987,0.991,5,0.5234
1j20qq1JyX4,0930,0.026,0.058,0.762,0.976,1,0.4896
1j20qq1JyX4,0930,0.026,0.058,0.762,0.976,2,0.5155
1j20qq1JyX4,0930,0.026,0.058,0.762,0.976,3,0.5320
1j20qq1JyX4,0930,0.026,0.058,0.762,0.976,4,0.4809
1j20qq1JyX4,0930,0.026,0.058,0.762,0.976,5,0.5295
1j20qq1JyX4,0930,0.818,0.672,0.988,0.992,1,0.5026
1j20qq1JyX4,0930,0.818,0.672,0.988,0.992,2,0.5095
1j20qq1JyX4,0930,0.818,0.672,0.988,0.992,3,0.5127
1j20qq1JyX4,0930,0.818,0.672,0.988,0.992,4,0.4819
1j20qq1JyX4,0930,0.818,0.672,0.988,0.992,5,0.5284
1j20qq1JyX4,0931,0.028,0.087,0.722,0.982,1,0.4901
1j20qq1JyX4,0931,0.028,0.087,0.722,0.982,2,0.5170
1j20qq1JyX4,0931,0.028,0.087,0.722,0.982,3,0.5343
1j20qq1JyX4,0931,0.028,0.087,0.722,0.982,4,0.4803
1j20qq1JyX4,0931,0.028,0.087,0.722,0.982,5,0.5331
1j20qq1JyX4,0931,0.737,0.686,0.936,0.993,1,0.4978
1j20qq1JyX4,0931,0.737,0.686,0.936,0.993,2,0.5062
1j20qq1JyX4,0931,0.737,0.686,0.936,0.993,3,0.5189
1j20qq1JyX4,0931,0.737,0.686,0.936,0.993,4,0.4859
1j20qq1JyX4,0931,0.737,0.686,0.936,0.993,5,0.5292
1j20qq1JyX4,0932,0.022,0.109,0.824,0.979,1,0.4994
1j20qq1JyX4,0932,0.022,0.109,0.824,0.979,2,0.5154
1j20qq1JyX4,0932,0.022,0.109,0.824,0.979,3,0.5336
1j20qq1JyX4,0932,0.022,0.109,0.824,0.979,4,0.4805
1j20qq1JyX4,0932,0.022,0.109,0.824,0.979,5,0.5310
1j20qq1JyX4,0932,0.769,0.672,0.970,0.987,1,0.4975
1j20qq1JyX4,0932,0.769,0.672,0.970,0.987,2,0.5110
1j20qq1JyX4,0932,0.769,0.672,0.970,0.987,3,0.5182
1j20qq1JyX4,0932,0.769,0.672,0.970,0.987,4,0.4851
1j20qq1JyX4,0932,0.769,0.672,0.970,0.987,5,0.5235
1j20qq1JyX4,0933,0.032,0.073,0.881,0.980,1,0.4820
1j20qq1JyX4,0933,0.032,0.073,0.881,0.980,2,0.5065
1j20qq1JyX4,0933,0.032,0.073,0.881,0.980,3,0.5169
1j20qq1JyX4,0933,0.032,0.073,0.881,0.980,4,0.4810
1j20qq1JyX4,0933,0.032,0.073,0.881,0.980,5,0.5156
1j20qq1JyX4,0934,0.193,0.078,0.987,0.979,1,0.4780
1j20qq1JyX4,0934,0.193,0.078,0.987,0.979,2,0.4946
1j20qq1JyX4,0934,0.193,0.078,0.987,0.979,3,0.4995
1j20qq1JyX4,0934,0.193,0.078,0.987,0.979,4,0.4913
1j20qq1JyX4,0934,0.193,0.078,0.987,0.979,5,0.4969
1j20qq1JyX4,0935,0.160,0.092,0.989,0.988,1,0.4887
1j20qq1JyX4,0935,0.160,0.092,0.989,0.988,2,0.5074
1j20qq1JyX4,0935,0.160,0.092,0.989,0.988,3,0.5122
1j20qq1JyX4,0935,0.160,0.092,0.989,0.988,4,0.4959
1j20qq1JyX4,0935,0.160,0.092,0.989,0.988,5,0.5113
1j20qq1JyX4,0936,0.074,0.107,0.982,0.981,1,0.4949
1j20qq1JyX4,0936,0.074,0.107,0.982,0.981,2,0.5091
1j20qq1JyX4,0936,0.074,0.107,0.982,0.981,3,0.5210
1j20qq1JyX4,0936,0.074,0.107,0.982,0.981,4,0.4837
1j20qq1JyX4,0936,0.074,0.107,0.982,0.981,5,0.5292
1j20qq1JyX4,0937,0.079,0.082,0.966,0.981,1,0.4969
1j20qq1JyX4,0937,0.079,0.082,0.966,0.981,2,0.5116
1j20qq1JyX4,0937,0.079,0.082,0.966,0.981,3,0.5266
1j20qq1JyX4,0937,0.079,0.082,0.966,0.981,4,0.4779
1j20qq1JyX4,0937,0.079,0.082,0.966,0.981,5,0.5342
1j20qq1JyX4,0938,0.045,0.077,0.929,0.981,1,0.4960
1j20qq1JyX4,0938,0.045,0.077,0.929,0.981,2,0.5060
1j20qq1JyX4,0938,0.045,0.077,0.929,0.981,3,0.5224
1j20qq1JyX4,0938,0.045,0.077,0.929,0.981,4,0.4732
1j20qq1JyX4,0938,0.045,0.077,0.929,0.981,5,0.5255
1j20qq1JyX4,0939,0.040,0.506,0.234,0.946,1,0.4961
1j20qq1JyX4,0939,0.040,0.506,0.234,0.946,2,0.5085
1j20qq1JyX4,0939,0.040,0.506,0.234,0.946,3,0.5303
1j20qq1JyX4,0939,0.040,0.506,0.234,0.946,4,0.4801
1j20qq1JyX4,0939,0.040,0.506,0.234,0.946,5,0.5336
1j20qq1JyX4,0939,0.086,0.099,0.831,0.985,1,0.4956
1j20qq1JyX4,0939,0.086,0.099,0.831,0.985,2,0.5080
1j20qq1JyX4,0939,0.086,0.099,0.831,0.985,3,0.5276
1j20qq1JyX4,0939,0.086,0.099,0.831,0.985,4,0.4699
1j20qq1JyX4,0939,0.086,0.099,0.831,0.985,5,0.5225
1j20qq1JyX4,0940,0.038,0.092,0.772,0.985,1,0.4801
1j20qq1JyX4,0940,0.038,0.092,0.772,0.985,2,0.4957
1j20qq1JyX4,0940,0.038,0.092,0.772,0.985,3,0.5084
1j20qq1JyX4,0940,0.038,0.092,0.772,0.985,4,0.4833
1j20qq1JyX4,0940,0.038,0.092,0.772,0.985,5,0.5077
1j20qq1JyX4,0941,0.145,0.102,0.378,0.977,1,0.4817
1j20qq1JyX4,0941,0.145,0.102,0.378,0.977,2,0.4971
1j20qq1JyX4,0941,0.145,0.102,0.378,0.977,3,0.4911
1j20qq1JyX4,0941,0.145,0.102,0.378,0.977,4,0.4916
1j20qq1JyX4,0941,0.145,0.102,0.378,0.977,5,0.4892
1j20qq1JyX4,0941,0.713,0.134,0.946,0.979,1,0.4849
1j20qq1JyX4,0941,0.713,0.134,0.946,0.979,2,0.5007
1j20qq1JyX4,0941,0.713,0.134,0.946,0.979,3,0.5096
1j20qq1JyX4,0941,0.713,0.134,0.946,0.979,4,0.4928
1j20qq1JyX4,0941,0.713,0.134,0.946,0.979,5,0.5006
1j20qq1JyX4,0941,0.325,0.270,0.663,0.980,1,0.4871
1j20qq1JyX4,0941,0.325,0.270,0.663,0.980,2,0.4950
1j20qq1JyX4,0941,0.325,0.270,0.663,0.980,3,0.4994
1j20qq1JyX4,0941,0.325,0.270,0.663,0.980,4,0.4847
1j20qq1JyX4,0941,0.325,0.270,0.663,0.980,5,0.4909
1j20qq1JyX4,0942,0.300,0.103,0.725,0.977,1,0.4782
1j20qq1JyX4,0942,0.300,0.103,0.725,0.977,2,0.5099
1j20qq1JyX4,0942,0.300,0.103,0.725,0.977,3,0.5104
1j20qq1JyX4,0942,0.300,0.103,0.725,0.977,4,0.5089
1j20qq1JyX4,0942,0.300,0.103,0.725,0.977,5,0.5123
1j20qq1JyX4,0942,0.142,0.173,0.361,0.983,1,0.4761
1j20qq1JyX4,0942,0.142,0.173,0.361,0.983,2,0.5026
1j20qq1JyX4,0942,0.142,0.173,0.361,0.983,3,0.5059
1j20qq1JyX4,0942,0.142,0.173,0.361,0.983,4,0.5120
1j20qq1JyX4,0942,0.142,0.173,0.361,0.983,5,0.5103
1j20qq1JyX4,0942,0.721,0.225,0.936,0.985,1,0.4795
1j20qq1JyX4,0942,0.721,0.225,0.936,0.985,2,0.5092
1j20qq1JyX4,0942,0.721,0.225,0.936,0.985,3,0.5130
1j20qq1JyX4,0942,0.721,0.225,0.936,0.985,4,0.5045
1j20qq1JyX4,0942,0.721,0.225,0.936,0.985,5,0.5155
1j20qq1JyX4,0943,0.200,0.099,0.787,0.990,1,0.4757
1j20qq1JyX4,0943,0.200,0.099,0.787,0.990,2,0.5107
1j20qq1JyX4,0943,0.200,0.099,0.787,0.990,3,0.5089
1j20qq1JyX4,0943,0.200,0.099,0.787,0.990,4,0.5069
1j20qq1JyX4,0943,0.200,0.099,0.787,0.990,5,0.5030
1j20qq1JyX4,0943,0.197,0.304,0.394,0.961,1,0.4793
1j20qq1JyX4,0943,0.197,0.304,0.394,0.961,2,0.5063
1j20qq1JyX4,0943,0.197,0.304,0.394,0.961,3,0.5054
1j20qq1JyX4,0943,0.197,0.304,0.394,0.961,4,0.5119
1j20qq1JyX4,0943,0.197,0.304,0.394,0.961,5,0.5011
1j20qq1JyX4,0943,0.774,0.364,0.985,0.983,1,0.4821
1j20qq1JyX4,0943,0.774,0.364,0.985,0.983,2,0.5097
1j20qq1JyX4,0943,0.774,0.364,0.985,0.983,3,0.5068
1j20qq1JyX4,0943,0.774,0.364,0.985,0.983,4,0.5042
1j20qq1JyX4,0943,0.774,0.364,0.985,0.983,5,0.5040
1j20qq1JyX4,0944,0.183,0.115,0.865,0.984,1,0.4860
1j20qq1JyX4,0944,0.183,0.115,0.865,0.984,2,0.5072
1j20qq1JyX4,0944,0.183,0.115,0.865,0.984,3,0.5121
1j20qq1JyX4,0944,0.183,0.115,0.865,0.984,4,0.4906
1j20qq1JyX4,0944,0.183,0.115,0.865,0.984,5,0.5082
1j20qq1JyX4,0944,0.846,0.535,0.991,0.968,1,0.4927
1j20qq1JyX4,0944,0.846,0.535,0.991,0.968,2,0.5039
1j20qq1JyX4,0944,0.846,0.535,0.991,0.968,3,0.5106
1j20qq1JyX4,0944,0.846,0.535,0.991,0.968,4,0.4956
1j20qq1JyX4,0944,0.846,0.535,0.991,0.968,5,0.5083
1j20qq1JyX4,0945,0.030,0.134,0.768,0.983,1,0.4813
1j20qq1JyX4,0945,0.030,0.134,0.768,0.983,2,0.5066
1j20qq1JyX4,0945,0.030,0.134,0.768,0.983,3,0.5127
1j20qq1JyX4,0945,0.030,0.134,0.768,0.983,4,0.4857
1j20qq1JyX4,0945,0.030,0.134,0.768,0.983,5,0.5117
1j20qq1JyX4,0946,0.183,0.113,0.915,0.976,1,0.4858
1j20qq1JyX4,0946,0.183,0.113,0.915,0.976,2,0.5030
1j20qq1JyX4,0946,0.183,0.113,0.915,0.976,3,0.5018
1j20qq1JyX4,0946,0.183,0.113,0.915,0.976,4,0.4897
1j20qq1JyX4,0946,0.183,0.113,0.915,0.976,5,0.4972
1j20qq1JyX4,0947,0.252,0.073,0.939,0.969,1,0.4781
1j20qq1JyX4,0947,0.252,0.073,0.939,0.969,2,0.5078
1j20qq1JyX4,0947,0.252,0.073,0.939,0.969,3,0.5111
1j20qq1JyX4,0947,0.252,0.073,0.939,0.969,4,0.4999
1j20qq1JyX4,0947,0.252,0.073,0.939,0.969,5,0.5077
1j20qq1JyX4,0948,0.227,0.080,0.970,0.982,1,0.4811
1j20qq1JyX4,0948,0.227,0.080,0.970,0.982,2,0.5057
1j20qq1JyX4,0948,0.227,0.080,0.970,0.982,3,0.5117
1j20qq1JyX4,0948,0.227,0.080,0.970,0.982,4,0.5041
1j20qq1JyX4,0948,0.227,0.080,0.970,0.982,5,0.5122
1j20qq1JyX4,0949,0.213,0.077,0.977,0.978,1,0.4817
1j20qq1JyX4,0949,0.213,0.077,0.977,0.978,2,0.5035
1j20qq1JyX4,0949,0.213,0.077,0.977,0.978,3,0.5138
1j20qq1JyX4,0949,0.213,0.077,0.977,0.978,4,0.5036
1j20qq1JyX4,0949,0.213,0.077,0.977,0.978,5,0.5112
1j20qq1JyX4,0950,0.286,0.074,0.965,0.975,1,0.4789
1j20qq1JyX4,0950,0.286,0.074,0.965,0.975,2,0.5058
1j20qq1JyX4,0950,0.286,0.074,0.965,0.975,3,0.5072
1j20qq1JyX4,0950,0.286,0.074,0.965,0.975,4,0.5016
1j20qq1JyX4,0950,0.286,0.074,0.965,0.975,5,0.5047
1j20qq1JyX4,0951,0.328,0.071,0.977,0.974,1,0.4800
1j20qq1JyX4,0951,0.328,0.071,0.977,0.974,2,0.5030
1j20qq1JyX4,0951,0.328,0.071,0.977,0.974,3,0.5089
1j20qq1JyX4,0951,0.328,0.071,0.977,0.974,4,0.5061
1j20qq1JyX4,0951,0.328,0.071,0.977,0.974,5,0.5068
1j20qq1JyX4,0952,0.334,0.064,0.954,0.981,1,0.4803
1j20qq1JyX4,0952,0.334,0.064,0.954,0.981,2,0.5082
1j20qq1JyX4,0952,0.334,0.064,0.954,0.981,3,0.5089
1j20qq1JyX4,0952,0.334,0.064,0.954,0.981,4,0.5045
1j20qq1JyX4,0952,0.334,0.064,0.954,0.981,5,0.5058
1j20qq1JyX4,0953,0.703,0.140,0.997,0.971,1,0.4766
1j20qq1JyX4,0953,0.703,0.140,0.997,0.971,2,0.5044
1j20qq1JyX4,0953,0.703,0.140,0.997,0.971,3,0.5070
1j20qq1JyX4,0953,0.703,0.140,0.997,0.971,4,0.5008
1j20qq1JyX4,0953,0.703,0.140,0.997,0.971,5,0.5074
1j20qq1JyX4,0953,0.023,0.051,0.296,0.976,1,0.4791
1j20qq1JyX4,0953,0.023,0.051,0.296,0.976,2,0.5051
1j20qq1JyX4,0953,0.023,0.051,0.296,0.976,3,0.5062
1j20qq1JyX4,0953,0.023,0.051,0.296,0.976,4,0.5070
1j20qq1JyX4,0953,0.023,0.051,0.296,0.976,5,0.5114
1j20qq1JyX4,0953,0.264,0.235,0.687,0.988,1,0.4800
1j20qq1JyX4,0953,0.264,0.235,0.687,0.988,2,0.5097
1j20qq1JyX4,0953,0.264,0.235,0.687,0.988,3,0.5073
1j20qq1JyX4,0953,0.264,0.235,0.687,0.988,4,0.4984
1j20qq1JyX4,0953,0.264,0.235,0.687,0.988,5,0.5065
1j20qq1JyX4,0953,0.579,0.390,0.740,0.827,1,0.4800
1j20qq1JyX4,0953,0.579,0.390,0.740,0.827,2,0.5072
1j20qq1JyX4,0953,0.579,0.390,0.740,0.827,3,0.5057
1j20qq1JyX4,0953,0.579,0.390,0.740,0.827,4,0.4901
1j20qq1JyX4,0953,0.579,0.390,0.740,0.827,5,0.5077
1j20qq1JyX4,0954,0.237,0.066,0.960,0.981,1,0.4767
1j20qq1JyX4,0954,0.237,0.066,0.960,0.981,2,0.5072
1j20qq1JyX4,0954,0.237,0.066,0.960,0.981,3,0.5106
1j20qq1JyX4,0954,0.237,0.066,0.960,0.981,4,0.4954
1j20qq1JyX4,0954,0.237,0.066,0.960,0.981,5,0.5078
1j20qq1JyX4,0955,0.205,0.029,0.995,0.967,1,0.4796
1j20qq1JyX4,0955,0.205,0.029,0.995,0.967,2,0.5006
1j20qq1JyX4,0955,0.205,0.029,0.995,0.967,3,0.5102
1j20qq1JyX4,0955,0.205,0.029,0.995,0.967,4,0.4975
1j20qq1JyX4,0955,0.205,0.029,0.995,0.967,5,0.5130
1j20qq1JyX4,0956,0.192,0.029,0.976,0.979,1,0.4808
1j20qq1JyX4,0956,0.192,0.029,0.976,0.979,2,0.5023
1j20qq1JyX4,0956,0.192,0.029,0.976,0.979,3,0.5103
1j20qq1JyX4,0956,0.192,0.029,0.976,0.979,4,0.5027
1j20qq1JyX4,0956,0.192,0.029,0.976,0.979,5,0.5145
1j20qq1JyX4,0957,0.172,0.065,0.988,0.978,1,0.4832
1j20qq1JyX4,0957,0.172,0.065,0.988,0.978,2,0.5015
1j20qq1JyX4,0957,0.172,0.065,0.988,0.978,3,0.5138
1j20qq1JyX4,0957,0.172,0.065,0.988,0.978,4,0.5047
1j20qq1JyX4,0957,0.172,0.065,0.988,0.978,5,0.5127
1j20qq1JyX4,0958,0.193,0.043,0.985,0.973,1,0.4788
1j20qq1JyX4,0958,0.193,0.043,0.985,0.973,2,0.5002
1j20qq1JyX4,0958,0.193,0.043,0.985,0.973,3,0.5145
1j20qq1JyX4,0958,0.193,0.043,0.985,0.973,4,0.5026
1j20qq1JyX4,0958,0.193,0.043,0.985,0.973,5,0.5094
1j20qq1JyX4,0959,0.190,0.051,0.978,0.974,1,0.4769
1j20qq1JyX4,0959,0.190,0.051,0.978,0.974,2,0.5020
1j20qq1JyX4,0959,0.190,0.051,0.978,0.974,3,0.5134
1j20qq1JyX4,0959,0.190,0.051,0.978,0.974,4,0.5017
1j20qq1JyX4,0959,0.190,0.051,0.978,0.974,5,0.5072
1j20qq1JyX4,0960,0.259,0.067,0.981,0.971,1,0.4817
1j20qq1JyX4,0960,0.259,0.067,0.981,0.971,2,0.5014
1j20qq1JyX4,0960,0.259,0.067,0.981,0.971,3,0.5133
1j20qq1JyX4,0960,0.259,0.067,0.981,0.971,4,0.5044
1j20qq1JyX4,0960,0.259,0.067,0.981,0.971,5,0.5100
1j20qq1JyX4,0961,0.218,0.067,0.990,0.974,1,0.4810
1j20qq1JyX4,0961,0.218,0.067,0.990,0.974,2,0.5038
1j20qq1JyX4,0961,0.218,0.067,0.990,0.974,3,0.5157
1j20qq1JyX4,0961,0.218,0.067,0.990,0.974,4,0.4986
1j20qq1JyX4,0961,0.218,0.067,0.990,0.974,5,0.5146
1j20qq1JyX4,0962,0.245,0.068,0.998,0.979,1,0.4909
1j20qq1JyX4,0962,0.245,0.068,0.998,0.979,2,0.5054
1j20qq1JyX4,0962,0.245,0.068,0.998,0.979,3,0.5129
1j20qq1JyX4,0962,0.245,0.068,0.998,0.979,4,0.4861
1j20qq1JyX4,0962,0.245,0.068,0.998,0.979,5,0.5063
1j20qq1JyX4,0963,0.024,0.511,0.093,0.761,1,0.4822
1j20qq1JyX4,0963,0.024,0.511,0.093,0.761,2,0.4989
1j20qq1JyX4,0963,0.024,0.511,0.093,0.761,3,0.5155
1j20qq1JyX4,0963,0.024,0.511,0.093,0.761,4,0.4912
1j20qq1JyX4,0963,0.024,0.511,0.093,0.761,5,0.5110
1j20qq1JyX4,0963,0.048,0.080,0.754,0.988,1,0.4942
1j20qq1JyX4,0963,0.048,0.080,0.754,0.988,2,0.5128
1j20qq1JyX4,0963,0.048,0.080,0.754,0.988,3,0.5266
1j20qq1JyX4,0963,0.048,0.080,0.754,0.988,4,0.4847
1j20qq1JyX4,0963,0.048,0.080,0.754,0.988,5,0.5268
1j20qq1JyX4,0964,0.055,0.079,0.839,0.983,1,0.4867
1j20qq1JyX4,0964,0.055,0.079,0.839,0.983,2,0.5076
1j20qq1JyX4,0964,0.055,0.079,0.839,0.983,3,0.5058
1j20qq1JyX4,0964,0.055,0.079,0.839,0.983,4,0.4928
1j20qq1JyX4,0964,0.055,0.079,0.839,0.983,5,0.5030
1j20qq1JyX4,0965,0.094,0.012,0.953,0.982,1,0.4849
1j20qq1JyX4,0965,0.094,0.012,0.953,0.982,2,0.4984
1j20qq1JyX4,0965,0.094,0.012,0.953,0.982,3,0.5078
1j20qq1JyX4,0965,0.094,0.012,0.953,0.982,4,0.4945
1j20qq1JyX4,0965,0.094,0.012,0.953,0.982,5,0.5027
1j20qq1JyX4,0966,0.050,0.117,0.945,0.983,1,0.4766
1j20qq1JyX4,0966,0.050,0.117,0.945,0.983,2,0.5037
1j20qq1JyX4,0966,0.050,0.117,0.945,0.983,3,0.5082
1j20qq1JyX4,0966,0.050,0.117,0.945,0.983,4,0.5032
1j20qq1JyX4,0966,0.050,0.117,0.945,0.983,5,0.5016
1j20qq1JyX4,0966,0.802,0.663,0.977,0.976,1,0.4801
1j20qq1JyX4,0966,0.802,0.663,0.977,0.976,2,0.5040
1j20qq1JyX4,0966,0.802,0.663,0.977,0.976,3,0.5119
1j20qq1JyX4,0966,0.802,0.663,0.977,0.976,4,0.5080
1j20qq1JyX4,0966,0.802,0.663,0.977,0.976,5,0.5012
1j20qq1JyX4,0967,0.049,0.126,0.890,0.982,1,0.4740
1j20qq1JyX4,0967,0.049,0.126,0.890,0.982,2,0.5038
1j20qq1JyX4,0967,0.049,0.126,0.890,0.982,3,0.5083
1j20qq1JyX4,0967,0.049,0.126,0.890,0.982,4,0.5012
1j20qq1JyX4,0967,0.049,0.126,0.890,0.982,5,0.4995
1j20qq1JyX4,0968,0.031,0.063,0.957,0.979,1,0.4779
1j20qq1JyX4,0968,0.031,0.063,0.957,0.979,2,0.4992
1j20qq1JyX4,0968,0.031,0.063,0.957,0.979,3,0.5053
1j20qq1JyX4,0968,0.031,0.063,0.957,0.979,4,0.4988
1j20qq1JyX4,0968,0.031,0.063,0.957,0.979,5,0.4999
1j20qq1JyX4,0969,0.017,0.080,0.808,0.978,1,0.4807
1j20qq1JyX4,0969,0.017,0.080,0.808,0.978,2,0.5075
1j20qq1JyX4,0969,0.017,0.080,0.808,0.978,3,0.4960
1j20qq1JyX4,0969,0.017,0.080,0.808,0.978,4,0.5085
1j20qq1JyX4,0969,0.017,0.080,0.808,0.978,5,0.4929
1j20qq1JyX4,0973,0.085,0.067,0.891,0.987,1,0.4926
1j20qq1JyX4,0973,0.085,0.067,0.891,0.987,2,0.5024
1j20qq1JyX4,0973,0.085,0.067,0.891,0.987,3,0.5172
1j20qq1JyX4,0973,0.085,0.067,0.891,0.987,4,0.4773
1j20qq1JyX4,0973,0.085,0.067,0.891,0.987,5,0.5220
1j20qq1JyX4,0973,0.022,0.484,0.149,0.919,1,0.4901
1j20qq1JyX4,0973,0.022,0.484,0.149,0.919,2,0.4970
1j20qq1JyX4,0973,0.022,0.484,0.149,0.919,3,0.5211
1j20qq1JyX4,0973,0.022,0.484,0.149,0.919,4,0.4824
1j20qq1JyX4,0973,0.022,0.484,0.149,0.919,5,0.5218
1j20qq1JyX4,0974,0.091,0.060,0.901,0.972,1,0.4849
1j20qq1JyX4,0974,0.091,0.060,0.901,0.972,2,0.5064
1j20qq1JyX4,0974,0.091,0.060,0.901,0.972,3,0.4983
1j20qq1JyX4,0974,0.091,0.060,0.901,0.972,4,0.4863
1j20qq1JyX4,0974,0.091,0.060,0.901,0.972,5,0.5135
1j20qq1JyX4,0974,0.023,0.472,0.131,0.755,1,0.4788
1j20qq1JyX4,0974,0.023,0.472,0.131,0.755,2,0.4967
1j20qq1JyX4,0974,0.023,0.472,0.131,0.755,3,0.5074
1j20qq1JyX4,0974,0.023,0.472,0.131,0.755,4,0.4880
1j20qq1JyX4,0974,0.023,0.472,0.131,0.755,5,0.5070
1j20qq1JyX4,0975,0.020,0.058,0.935,0.962,1,0.4708
1j20qq1JyX4,0975,0.020,0.058,0.935,0.962,2,0.4993
1j20qq1JyX4,0975,0.020,0.058,0.935,0.962,3,0.4811
1j20qq1JyX4,0975,0.020,0.058,0.935,0.962,4,0.4861
1j20qq1JyX4,0975,0.020,0.058,0.935,0.962,5,0.5136
1j20qq1JyX4,0976,0.010,0.082,0.927,0.978,1,0.4751
1j20qq1JyX4,0976,0.010,0.082,0.927,0.978,2,0.4971
1j20qq1JyX4,0976,0.010,0.082,0.927,0.978,3,0.4791
1j20qq1JyX4,0976,0.010,0.082,0.927,0.978,4,0.4964
1j20qq1JyX4,0976,0.010,0.082,0.927,0.978,5,0.5194
1j20qq1JyX4,0977,0.035,0.063,0.993,0.977,1,0.4787
1j20qq1JyX4,0977,0.035,0.063,0.993,0.977,2,0.5002
1j20qq1JyX4,0977,0.035,0.063,0.993,0.977,3,0.4767
1j20qq1JyX4,0977,0.035,0.063,0.993,0.977,4,0.4918
1j20qq1JyX4,0977,0.035,0.063,0.993,0.977,5,0.5191
1j20qq1JyX4,0978,0.020,0.029,0.989,0.971,1,0.4739
1j20qq1JyX4,0978,0.020,0.029,0.989,0.971,2,0.4949
1j20qq1JyX4,0978,0.020,0.029,0.989,0.971,3,0.4821
1j20qq1JyX4,0978,0.020,0.029,0.989,0.971,4,0.4900
1j20qq1JyX4,0978,0.020,0.029,0.989,0.971,5,0.5215
1j20qq1JyX4,0979,0.011,0.032,0.983,0.977,1,0.4738
1j20qq1JyX4,0979,0.011,0.032,0.983,0.977,2,0.4966
1j20qq1JyX4,0979,0.011,0.032,0.983,0.977,3,0.4863
1j20qq1JyX4,0979,0.011,0.032,0.983,0.977,4,0.4898
1j20qq1JyX4,0979,0.011,0.032,0.983,0.977,5,0.5175
1j20qq1JyX4,0980,0.025,0.076,0.996,0.980,1,0.4748
1j20qq1JyX4,0980,0.025,0.076,0.996,0.980,2,0.5005
1j20qq1JyX4,0980,0.025,0.076,0.996,0.980,3,0.4857
1j20qq1JyX4,0980,0.025,0.076,0.996,0.980,4,0.4911
1j20qq1JyX4,0980,0.025,0.076,0.996,0.980,5,0.5206
1j20qq1JyX4,0981,0.013,0.061,0.947,0.977,1,0.4818
1j20qq1JyX4,0981,0.013,0.061,0.947,0.977,2,0.5082
1j20qq1JyX4,0981,0.013,0.061,0.947,0.977,3,0.4845
1j20qq1JyX4,0981,0.013,0.061,0.947,0.977,4,0.4926
1j20qq1JyX4,0981,0.013,0.061,0.947,0.977,5,0.5199
1j20qq1JyX4,0982,0.024,0.020,0.932,0.979,1,0.4882
1j20qq1JyX4,0982,0.024,0.020,0.932,0.979,2,0.5092
1j20qq1JyX4,0982,0.024,0.020,0.932,0.979,3,0.4843
1j20qq1JyX4,0982,0.024,0.020,0.932,0.979,4,0.4983
1j20qq1JyX4,0982,0.024,0.020,0.932,0.979,5,0.5340
1j20qq1JyX4,0983,0.029,0.012,0.941,0.972,1,0.4890
1j20qq1JyX4,0983,0.029,0.012,0.941,0.972,2,0.5106
1j20qq1JyX4,0983,0.029,0.012,0.941,0.972,3,0.4863
1j20qq1JyX4,0983,0.029,0.012,0.941,0.972,4,0.5025
1j20qq1JyX4,0983,0.029,0.012,0.941,0.972,5,0.5320
1j20qq1JyX4,0984,0.023,0.018,0.939,0.978,1,0.4812
1j20qq1JyX4,0984,0.023,0.018,0.939,0.978,2,0.5053
1j20qq1JyX4,0984,0.023,0.018,0.939,0.978,3,0.4847
1j20qq1JyX4,0984,0.023,0.018,0.939,0.978,4,0.5000
1j20qq1JyX4,0984,0.023,0.018,0.939,0.978,5,0.5161
1j20qq1JyX4,0985,0.617,0.025,0.998,0.941,1,0.4818
1j20qq1JyX4,0985,0.617,0.025,0.998,0.941,2,0.5030
1j20qq1JyX4,0985,0.617,0.025,0.998,0.941,3,0.4889
1j20qq1JyX4,0985,0.617,0.025,0.998,0.941,4,0.4934
1j20qq1JyX4,0985,0.617,0.025,0.998,0.941,5,0.5030
1j20qq1JyX4,0986,0.018,0.015,0.867,0.979,1,0.4837
1j20qq1JyX4,0986,0.018,0.015,0.867,0.979,2,0.5012
1j20qq1JyX4,0986,0.018,0.015,0.867,0.979,3,0.4952
1j20qq1JyX4,0986,0.018,0.015,0.867,0.979,4,0.4963
1j20qq1JyX4,0986,0.018,0.015,0.867,0.979,5,0.5183
1j20qq1JyX4,0987,0.021,0.024,0.935,0.956,1,0.4857
1j20qq1JyX4,0987,0.021,0.024,0.935,0.956,2,0.5080
1j20qq1JyX4,0987,0.021,0.024,0.935,0.956,3,0.4895
1j20qq1JyX4,0987,0.021,0.024,0.935,0.956,4,0.4972
1j20qq1JyX4,0987,0.021,0.024,0.935,0.956,5,0.5333
1j20qq1JyX4,0988,0.022,0.026,0.931,0.976,1,0.4867
1j20qq1JyX4,0988,0.022,0.026,0.931,0.976,2,0.5153
1j20qq1JyX4,0988,0.022,0.026,0.931,0.976,3,0.4914
1j20qq1JyX4,0988,0.022,0.026,0.931,0.976,4,0.5030
1j20qq1JyX4,0988,0.022,0.026,0.931,0.976,5,0.5317
1j20qq1JyX4,0989,0.025,0.018,0.940,0.971,1,0.4895
1j20qq1JyX4,0989,0.025,0.018,0.940,0.971,2,0.5143
1j20qq1JyX4,0989,0.025,0.018,0.940,0.971,3,0.4924
1j20qq1JyX4,0989,0.025,0.018,0.940,0.971,4,0.5017
1j20qq1JyX4,0989,0.025,0.018,0.940,0.971,5,0.5299
1j20qq1JyX4,0990,0.023,0.018,0.938,0.971,1,0.4894
1j20qq1JyX4,0990,0.023,0.018,0.938,0.971,2,0.5145
1j20qq1JyX4,0990,0.023,0.018,0.938,0.971,3,0.4922
1j20qq1JyX4,0990,0.023,0.018,0.938,0.971,4,0.5018
1j20qq1JyX4,0990,0.023,0.018,0.938,0.971,5,0.5301
1j20qq1JyX4,0991,0.021,0.025,0.935,0.976,1,0.4797
1j20qq1JyX4,0991,0.021,0.025,0.935,0.976,2,0.5098
1j20qq1JyX4,0991,0.021,0.025,0.935,0.976,3,0.4862
1j20qq1JyX4,0991,0.021,0.025,0.935,0.976,4,0.4985
1j20qq1JyX4,0991,0.021,0.025,0.935,0.976,5,0.5221
1j20qq1JyX4,0992,0.051,0.049,0.965,0.981,1,0.4726
1j20qq1JyX4,0992,0.051,0.049,0.965,0.981,2,0.5030
1j20qq1JyX4,0992,0.051,0.049,0.965,0.981,3,0.4767
1j20qq1JyX4,0992,0.051,0.049,0.965,0.981,4,0.4912
1j20qq1JyX4,0992,0.051,0.049,0.965,0.981,5,0.5113
1j20qq1JyX4,0993,0.052,0.076,0.956,0.978,1,0.4747
1j20qq1JyX4,0993,0.052,0.076,0.956,0.978,2,0.4987
1j20qq1JyX4,0993,0.052,0.076,0.956,0.978,3,0.4776
1j20qq1JyX4,0993,0.052,0.076,0.956,0.978,4,0.4938
1j20qq1JyX4,0993,0.052,0.076,0.956,0.978,5,0.5138
1j20qq1JyX4,0994,0.017,0.075,0.487,0.963,1,0.4775
1j20qq1JyX4,0994,0.017,0.075,0.487,0.963,2,0.4915
1j20qq1JyX4,0994,0.017,0.075,0.487,0.963,3,0.4960
1j20qq1JyX4,0994,0.017,0.075,0.487,0.963,4,0.4940
1j20qq1JyX4,0994,0.017,0.075,0.487,0.963,5,0.5094
1j20qq1JyX4,0994,0.481,0.082,0.884,0.929,1,0.4862
1j20qq1JyX4,0994,0.481,0.082,0.884,0.929,2,0.4968
1j20qq1JyX4,0994,0.481,0.082,0.884,0.929,3,0.4804
1j20qq1JyX4,0994,0.481,0.082,0.884,0.929,4,0.4949
1j20qq1JyX4,0994,0.481,0.082,0.884,0.929,5,0.5081
1j20qq1JyX4,0995,0.029,0.068,0.484,0.981,1,0.4816
1j20qq1JyX4,0995,0.029,0.068,0.484,0.981,2,0.4939
1j20qq1JyX4,0995,0.029,0.068,0.484,0.981,3,0.4871
1j20qq1JyX4,0995,0.029,0.068,0.484,0.981,4,0.4966
1j20qq1JyX4,0995,0.029,0.068,0.484,0.981,5,0.5084
1j20qq1JyX4,0995,0.453,0.076,0.913,0.975,1,0.4813
1j20qq1JyX4,0995,0.453,0.076,0.913,0.975,2,0.4998
1j20qq1JyX4,0995,0.453,0.076,0.913,0.975,3,0.4787
1j20qq1JyX4,0995,0.453,0.076,0.913,0.975,4,0.5002
1j20qq1JyX4,0995,0.453,0.076,0.913,0.975,5,0.5074
1j20qq1JyX4,0996,0.063,0.078,0.964,0.981,1,0.4768
1j20qq1JyX4,0996,0.063,0.078,0.964,0.981,2,0.4961
1j20qq1JyX4,0996,0.063,0.078,0.964,0.981,3,0.4696
1j20qq1JyX4,0996,0.063,0.078,0.964,0.981,4,0.4953
1j20qq1JyX4,0996,0.063,0.078,0.964,0.981,5,0.5130
1j20qq1JyX4,0997,0.159,0.109,0.978,0.972,1,0.4800
1j20qq1JyX4,0997,0.159,0.109,0.978,0.972,2,0.5014
1j20qq1JyX4,0997,0.159,0.109,0.978,0.972,3,0.4782
1j20qq1JyX4,0997,0.159,0.109,0.978,0.972,4,0.4892
1j20qq1JyX4,0997,0.159,0.109,0.978,0.972,5,0.5105
1j20qq1JyX4,0998,0.082,0.058,0.971,0.981,1,0.4772
1j20qq1JyX4,0998,0.082,0.058,0.971,0.981,2,0.5018
1j20qq1JyX4,0998,0.082,0.058,0.971,0.981,3,0.4778
1j20qq1JyX4,0998,0.082,0.058,0.971,0.981,4,0.4924
1j20qq1JyX4,0998,0.082,0.058,0.971,0.981,5,0.5160
1j20qq1JyX4,0999,0.133,0.095,0.986,0.968,1,0.4752
1j20qq1JyX4,0999,0.133,0.095,0.986,0.968,2,0.5052
1j20qq1JyX4,0999,0.133,0.095,0.986,0.968,3,0.4699
1j20qq1JyX4,0999,0.133,0.095,0.986,0.968,4,0.4978
1j20qq1JyX4,0999,0.133,0.095,0.986,0.968,5,0.5125
1j20qq1JyX4,1000,0.132,0.091,0.989,0.985,1,0.4729
1j20qq1JyX4,1000,0.132,0.091,0.989,0.985,2,0.5079
1j20qq1JyX4,1000,0.132,0.091,0.989,0.985,3,0.4799
1j20qq1JyX4,1000,0.132,0.091,0.989,0.985,4,0.4972
1j20qq1JyX4,1000,0.132,0.091,0.989,0.985,5,0.5083
1j20qq1JyX4,1001,0.467,0.089,0.947,0.982,1,0.4786
1j20qq1JyX4,1001,0.467,0.089,0.947,0.982,2,0.4990
1j20qq1JyX4,1001,0.467,0.089,0.947,0.982,3,0.4838
1j20qq1JyX4,1001,0.467,0.089,0.947,0.982,4,0.4917
1j20qq1JyX4,1001,0.467,0.089,0.947,0.982,5,0.5071
1j20qq1JyX4,1001,0.019,0.118,0.405,0.978,1,0.4716
1j20qq1JyX4,1001,0.019,0.118,0.405,0.978,2,0.4959
1j20qq1JyX4,1001,0.019,0.118,0.405,0.978,3,0.4984
1j20qq1JyX4,1001,0.019,0.118,0.405,0.978,4,0.4943
1j20qq1JyX4,1001,0.019,0.118,0.405,0.978,5,0.5101
1j20qq1JyX4,1005,0.710,0.227,0.986,0.871,1,0.4757
1j20qq1JyX4,1005,0.710,0.227,0.986,0.871,2,0.4901
1j20qq1JyX4,1005,0.710,0.227,0.986,0.871,3,0.4950
1j20qq1JyX4,1005,0.710,0.227,0.986,0.871,4,0.4994
1j20qq1JyX4,1005,0.710,0.227,0.986,0.871,5,0.5070
1j20qq1JyX4,1005,0.039,0.033,0.950,0.978,1,0.4778
1j20qq1JyX4,1005,0.039,0.033,0.950,0.978,2,0.5041
1j20qq1JyX4,1005,0.039,0.033,0.950,0.978,3,0.4836
1j20qq1JyX4,1005,0.039,0.033,0.950,0.978,4,0.4995
1j20qq1JyX4,1005,0.039,0.033,0.950,0.978,5,0.5154
1j20qq1JyX4,1006,0.028,0.022,0.964,0.971,1,0.4878
1j20qq1JyX4,1006,0.028,0.022,0.964,0.971,2,0.5026
1j20qq1JyX4,1006,0.028,0.022,0.964,0.971,3,0.4833
1j20qq1JyX4,1006,0.028,0.022,0.964,0.971,4,0.5037
1j20qq1JyX4,1006,0.028,0.022,0.964,0.971,5,0.5227
1j20qq1JyX4,1006,0.740,0.278,0.990,0.842,1,0.4792
1j20qq1JyX4,1006,0.740,0.278,0.990,0.842,2,0.4873
1j20qq1JyX4,1006,0.740,0.278,0.990,0.842,3,0.5001
1j20qq1JyX4,1006,0.740,0.278,0.990,0.842,4,0.4928
1j20qq1JyX4,1006,0.740,0.278,0.990,0.842,5,0.5052
1j20qq1JyX4,1007,0.036,0.018,0.956,0.978,1,0.4862
1j20qq1JyX4,1007,0.036,0.018,0.956,0.978,2,0.5093
1j20qq1JyX4,1007,0.036,0.018,0.956,0.978,3,0.4791
1j20qq1JyX4,1007,0.036,0.018,0.956,0.978,4,0.5028
1j20qq1JyX4,1007,0.036,0.018,0.956,0.978,5,0.5198
1j20qq1JyX4,1009,0.026,0.022,0.968,0.972,1,0.4852
1j20qq1JyX4,1009,0.026,0.022,0.968,0.972,2,0.5112
1j20qq1JyX4,1009,0.026,0.022,0.968,0.972,3,0.4892
1j20qq1JyX4,1009,0.026,0.022,0.968,0.972,4,0.4932
1j20qq1JyX4,1009,0.026,0.022,0.968,0.972,5,0.5295
1j20qq1JyX4,1010,0.032,0.026,0.964,0.961,1,0.4922
1j20qq1JyX4,1010,0.032,0.026,0.964,0.961,2,0.5129
1j20qq1JyX4,1010,0.032,0.026,0.964,0.961,3,0.4864
1j20qq1JyX4,1010,0.032,0.026,0.964,0.961,4,0.5006
1j20qq1JyX4,1010,0.032,0.026,0.964,0.961,5,0.5265
1j20qq1JyX4,1016,0.006,0.056,0.959,0.974,1,0.4814
1j20qq1JyX4,1016,0.006,0.056,0.959,0.974,2,0.5054
1j20qq1JyX4,1016,0.006,0.056,0.959,0.974,3,0.4849
1j20qq1JyX4,1016,0.006,0.056,0.959,0.974,4,0.4952
1j20qq1JyX4,1016,0.006,0.056,0.959,0.974,5,0.5204
1j20qq1JyX4,1024,0.050,0.072,0.968,0.958,1,0.4880
1j20qq1JyX4,1024,0.050,0.072,0.968,0.958,2,0.5090
1j20qq1JyX4,1024,0.050,0.072,0.968,0.958,3,0.4858
1j20qq1JyX4,1024,0.050,0.072,0.968,0.958,4,0.4993
1j20qq1JyX4,1024,0.050,0.072,0.968,0.958,5,0.5158
1j20qq1JyX4,1025,0.011,0.082,0.954,0.982,1,0.4831
1j20qq1JyX4,1025,0.011,0.082,0.954,0.982,2,0.5023
1j20qq1JyX4,1025,0.011,0.082,0.954,0.982,3,0.4825
1j20qq1JyX4,1025,0.011,0.082,0.954,0.982,4,0.4995
1j20qq1JyX4,1025,0.011,0.082,0.954,0.982,5,0.5132
1j20qq1JyX4,1032,0.046,0.086,0.959,0.960,1,0.4857
1j20qq1JyX4,1032,0.046,0.086,0.959,0.960,2,0.5096
1j20qq1JyX4,1032,0.046,0.086,0.959,0.960,3,0.4888
1j20qq1JyX4,1032,0.046,0.086,0.959,0.960,4,0.4968
1j20qq1JyX4,1032,0.046,0.086,0.959,0.960,5,0.5213
1j20qq1JyX4,1033,0.046,0.061,0.960,0.968,1,0.4852
1j20qq1JyX4,1033,0.046,0.061,0.960,0.968,2,0.5163
1j20qq1JyX4,1033,0.046,0.061,0.960,0.968,3,0.4806
1j20qq1JyX4,1033,0.046,0.061,0.960,0.968,4,0.5073
1j20qq1JyX4,1033,0.046,0.061,0.960,0.968,5,0.5297
1j20qq1JyX4,1046,0.024,0.026,0.875,0.970,1,0.4898
1j20qq1JyX4,1046,0.024,0.026,0.875,0.970,2,0.5024
1j20qq1JyX4,1046,0.024,0.026,0.875,0.970,3,0.5005
1j20qq1JyX4,1046,0.024,0.026,0.875,0.970,4,0.4870
1j20qq1JyX4,1046,0.024,0.026,0.875,0.970,5,0.5167
1j20qq1JyX4,1047,0.032,0.030,0.731,0.982,1,0.4792
1j20qq1JyX4,1047,0.032,0.030,0.731,0.982,2,0.5014
1j20qq1JyX4,1047,0.032,0.030,0.731,0.982,3,0.4982
1j20qq1JyX4,1047,0.032,0.030,0.731,0.982,4,0.4845
1j20qq1JyX4,1047,0.032,0.030,0.731,0.982,5,0.5042
1j20qq1JyX4,1050,0.031,0.038,0.747,0.982,1,0.4790
1j20qq1JyX4,1050,0.031,0.038,0.747,0.982,2,0.4967
1j20qq1JyX4,1050,0.031,0.038,0.747,0.982,3,0.5065
1j20qq1JyX4,1050,0.031,0.038,0.747,0.982,4,0.4806
1j20qq1JyX4,1050,0.031,0.038,0.747,0.982,5,0.5038
1j20qq1JyX4,1052,0.021,0.046,0.870,0.981,1,0.4887
1j20qq1JyX4,1052,0.021,0.046,0.870,0.981,2,0.5070
1j20qq1JyX4,1052,0.021,0.046,0.870,0.981,3,0.5016
1j20qq1JyX4,1052,0.021,0.046,0.870,0.981,4,0.4837
1j20qq1JyX4,1052,0.021,0.046,0.870,0.981,5,0.5071
1j20qq1JyX4,1053,0.024,0.095,0.963,0.965,1,0.4980
1j20qq1JyX4,1053,0.024,0.095,0.963,0.965,2,0.5005
1j20qq1JyX4,1053,0.024,0.095,0.963,0.965,3,0.5128
1j20qq1JyX4,1053,0.024,0.095,0.963,0.965,4,0.4895
1j20qq1JyX4,1053,0.024,0.095,0.963,0.965,5,0.5260
1j20qq1JyX4,1056,0.138,0.067,0.972,0.987,1,0.4885
1j20qq1JyX4,1056,0.138,0.067,0.972,0.987,2,0.5036
1j20qq1JyX4,1056,0.138,0.067,0.972,0.987,3,0.5046
1j20qq1JyX4,1056,0.138,0.067,0.972,0.987,4,0.4935
1j20qq1JyX4,1056,0.138,0.067,0.972,0.987,5,0.5097
1j20qq1JyX4,1059,0.025,0.024,0.782,0.981,1,0.4902
1j20qq1JyX4,1059,0.025,0.024,0.782,0.981,2,0.5034
1j20qq1JyX4,1059,0.025,0.024,0.782,0.981,3,0.5117
1j20qq1JyX4,1059,0.025,0.024,0.782,0.981,4,0.4946
1j20qq1JyX4,1059,0.025,0.024,0.782,0.981,5,0.5113
1j20qq1JyX4,1060,0.021,0.052,0.876,0.984,1,0.4806
1j20qq1JyX4,1060,0.021,0.052,0.876,0.984,2,0.4984
1j20qq1JyX4,1060,0.021,0.052,0.876,0.984,3,0.5098
1j20qq1JyX4,1060,0.021,0.052,0.876,0.984,4,0.4877
1j20qq1JyX4,1060,0.021,0.052,0.876,0.984,5,0.5127
1j20qq1JyX4,1062,0.133,0.019,0.998,0.978,1,0.4856
1j20qq1JyX4,1062,0.133,0.019,0.998,0.978,2,0.4936
1j20qq1JyX4,1062,0.133,0.019,0.998,0.978,3,0.5065
1j20qq1JyX4,1062,0.133,0.019,0.998,0.978,4,0.4953
1j20qq1JyX4,1062,0.133,0.019,0.998,0.978,5,0.5144
1j20qq1JyX4,1063,0.068,0.100,0.890,0.977,1,0.4889
1j20qq1JyX4,1063,0.068,0.100,0.890,0.977,2,0.4913
1j20qq1JyX4,1063,0.068,0.100,0.890,0.977,3,0.5011
1j20qq1JyX4,1063,0.068,0.100,0.890,0.977,4,0.4982
1j20qq1JyX4,1063,0.068,0.100,0.890,0.977,5,0.5101
1j20qq1JyX4,1064,0.044,0.053,0.977,0.965,1,0.4927
1j20qq1JyX4,1064,0.044,0.053,0.977,0.965,2,0.4997
1j20qq1JyX4,1064,0.044,0.053,0.977,0.965,3,0.5105
1j20qq1JyX4,1064,0.044,0.053,0.977,0.965,4,0.4936
1j20qq1JyX4,1064,0.044,0.053,0.977,0.965,5,0.5293
1j20qq1JyX4,1071,0.510,0.338,0.580,0.675,1,0.4931
1j20qq1JyX4,1071,0.510,0.338,0.580,0.675,2,0.5053
1j20qq1JyX4,1071,0.510,0.338,0.580,0.675,3,0.4918
1j20qq1JyX4,1071,0.510,0.338,0.580,0.675,4,0.4879
1j20qq1JyX4,1071,0.510,0.338,0.580,0.675,5,0.5010
1j20qq1JyX4,1071,0.245,0.306,0.320,0.693,1,0.4871
1j20qq1JyX4,1071,0.245,0.306,0.320,0.693,2,0.5048
1j20qq1JyX4,1071,0.245,0.306,0.320,0.693,3,0.4951
1j20qq1JyX4,1071,0.245,0.306,0.320,0.693,4,0.4843
1j20qq1JyX4,1071,0.245,0.306,0.320,0.693,5,0.5029
1j20qq1JyX4,1071,0.331,0.294,0.444,0.652,1,0.4924
1j20qq1JyX4,1071,0.331,0.294,0.444,0.652,2,0.5035
1j20qq1JyX4,1071,0.331,0.294,0.444,0.652,3,0.5059
1j20qq1JyX4,1071,0.331,0.294,0.444,0.652,4,0.4856
1j20qq1JyX4,1071,0.331,0.294,0.444,0.652,5,0.5149
1j20qq1JyX4,1072,0.505,0.338,0.575,0.682,1,0.4958
1j20qq1JyX4,1072,0.505,0.338,0.575,0.682,2,0.5022
1j20qq1JyX4,1072,0.505,0.338,0.575,0.682,3,0.4911
1j20qq1JyX4,1072,0.505,0.338,0.575,0.682,4,0.4901
1j20qq1JyX4,1072,0.505,0.338,0.575,0.682,5,0.5018
1j20qq1JyX4,1072,0.243,0.305,0.322,0.692,1,0.4921
1j20qq1JyX4,1072,0.243,0.305,0.322,0.692,2,0.5033
1j20qq1JyX4,1072,0.243,0.305,0.322,0.692,3,0.4936
1j20qq1JyX4,1072,0.243,0.305,0.322,0.692,4,0.4949
1j20qq1JyX4,1072,0.243,0.305,0.322,0.692,5,0.5030
1j20qq1JyX4,1072,0.326,0.285,0.447,0.657,1,0.4897
1j20qq1JyX4,1072,0.326,0.285,0.447,0.657,2,0.5033
1j20qq1JyX4,1072,0.326,0.285,0.447,0.657,3,0.5068
1j20qq1JyX4,1072,0.326,0.285,0.447,0.657,4,0.4889
1j20qq1JyX4,1072,0.326,0.285,0.447,0.657,5,0.5170
1j20qq1JyX4,1073,0.504,0.337,0.577,0.681,1,0.4958
1j20qq1JyX4,1073,0.504,0.337,0.577,0.681,2,0.5022
1j20qq1JyX4,1073,0.504,0.337,0.577,0.681,3,0.4899
1j20qq1JyX4,1073,0.504,0.337,0.577,0.681,4,0.4906
1j20qq1JyX4,1073,0.504,0.337,0.577,0.681,5,0.5013
1j20qq1JyX4,1073,0.243,0.308,0.321,0.691,1,0.4927
1j20qq1JyX4,1073,0.243,0.308,0.321,0.691,2,0.5026
1j20qq1JyX4,1073,0.243,0.308,0.321,0.691,3,0.4928
1j20qq1JyX4,1073,0.243,0.308,0.321,0.691,4,0.4952
1j20qq1JyX4,1073,0.243,0.308,0.321,0.691,5,0.5031
1j20qq1JyX4,1073,0.328,0.287,0.444,0.654,1,0.4901
1j20qq1JyX4,1073,0.328,0.287,0.444,0.654,2,0.5025
1j20qq1JyX4,1073,0.328,0.287,0.444,0.654,3,0.5060
1j20qq1JyX4,1073,0.328,0.287,0.444,0.654,4,0.4879
1j20qq1JyX4,1073,0.328,0.287,0.444,0.654,5,0.5172
1j20qq1JyX4,1074,0.506,0.339,0.575,0.682,1,0.4956
1j20qq1JyX4,1074,0.506,0.339,0.575,0.682,2,0.5015
1j20qq1JyX4,1074,0.506,0.339,0.575,0.682,3,0.4893
1j20qq1JyX4,1074,0.506,0.339,0.575,0.682,4,0.4900
1j20qq1JyX4,1074,0.506,0.339,0.575,0.682,5,0.5019
1j20qq1JyX4,1074,0.242,0.306,0.325,0.691,1,0.4919
1j20qq1JyX4,1074,0.242,0.306,0.325,0.691,2,0.5014
1j20qq1JyX4,1074,0.242,0.306,0.325,0.691,3,0.4933
1j20qq1JyX4,1074,0.242,0.306,0.325,0.691,4,0.4949
1j20qq1JyX4,1074,0.242,0.306,0.325,0.691,5,0.5031
1j20qq1JyX4,1074,0.328,0.284,0.445,0.665,1,0.4917
1j20qq1JyX4,1074,0.328,0.284,0.445,0.665,2,0.5039
1j20qq1JyX4,1074,0.328,0.284,0.445,0.665,3,0.5066
1j20qq1JyX4,1074,0.328,0.284,0.445,0.665,4,0.4885
1j20qq1JyX4,1074,0.328,0.284,0.445,0.665,5,0.5153
1j20qq1JyX4,1075,0.507,0.338,0.575,0.682,1,0.4957
1j20qq1JyX4,1075,0.507,0.338,0.575,0.682,2,0.5008
1j20qq1JyX4,1075,0.507,0.338,0.575,0.682,3,0.4894
1j20qq1JyX4,1075,0.507,0.338,0.575,0.682,4,0.4909
1j20qq1JyX4,1075,0.507,0.338,0.575,0.682,5,0.5019
1j20qq1JyX4,1075,0.248,0.311,0.322,0.688,1,0.4921
1j20qq1JyX4,1075,0.248,0.311,0.322,0.688,2,0.5016
1j20qq1JyX4,1075,0.248,0.311,0.322,0.688,3,0.4952
1j20qq1JyX4,1075,0.248,0.311,0.322,0.688,4,0.4933
1j20qq1JyX4,1075,0.248,0.311,0.322,0.688,5,0.5023
1j20qq1JyX4,1075,0.328,0.287,0.441,0.657,1,0.4894
1j20qq1JyX4,1075,0.328,0.287,0.441,0.657,2,0.5046
1j20qq1JyX4,1075,0.328,0.287,0.441,0.657,3,0.5055
1j20qq1JyX4,1075,0.328,0.287,0.441,0.657,4,0.4862
1j20qq1JyX4,1075,0.328,0.287,0.441,0.657,5,0.5166
1j20qq1JyX4,1076,0.507,0.338,0.574,0.682,1,0.4958
1j20qq1JyX4,1076,0.507,0.338,0.574,0.682,2,0.5002
1j20qq1JyX4,1076,0.507,0.338,0.574,0.682,3,0.4900
1j20qq1JyX4,1076,0.507,0.338,0.574,0.682,4,0.4901
1j20qq1JyX4,1076,0.507,0.338,0.574,0.682,5,0.5024
1j20qq1JyX4,1076,0.248,0.306,0.320,0.690,1,0.4921
1j20qq1JyX4,1076,0.248,0.306,0.320,0.690,2,0.5014
1j20qq1JyX4,1076,0.248,0.306,0.320,0.690,3,0.4953
1j20qq1JyX4,1076,0.248,0.306,0.320,0.690,4,0.4918
1j20qq1JyX4,1076,0.248,0.306,0.320,0.690,5,0.5028
1j20qq1JyX4,1076,0.327,0.288,0.438,0.655,1,0.4870
1j20qq1JyX4,1076,0.327,0.288,0.438,0.655,2,0.5041
1j20qq1JyX4,1076,0.327,0.288,0.438,0.655,3,0.5016
1j20qq1JyX4,1076,0.327,0.288,0.438,0.655,4,0.4851
1j20qq1JyX4,1076,0.327,0.288,0.438,0.655,5,0.5144
1j20qq1JyX4,1077,0.504,0.336,0.573,0.681,1,0.4943
1j20qq1JyX4,1077,0.504,0.336,0.573,0.681,2,0.5006
1j20qq1JyX4,1077,0.504,0.336,0.573,0.681,3,0.4939
1j20qq1JyX4,1077,0.504,0.336,0.573,0.681,4,0.4913
1j20qq1JyX4,1077,0.504,0.336,0.573,0.681,5,0.5046
1j20qq1JyX4,1077,0.248,0.310,0.321,0.683,1,0.4928
1j20qq1JyX4,1077,0.248,0.310,0.321,0.683,2,0.5025
1j20qq1JyX4,1077,0.248,0.310,0.321,0.683,3,0.4977
1j20qq1JyX4,1077,0.248,0.310,0.321,0.683,4,0.4903
1j20qq1JyX4,1077,0.248,0.310,0.321,0.683,5,0.5035
1j20qq1JyX4,1077,0.331,0.299,0.445,0.687,1,0.4881
1j20qq1JyX4,1077,0.331,0.299,0.445,0.687,2,0.5005
1j20qq1JyX4,1077,0.331,0.299,0.445,0.687,3,0.5021
1j20qq1JyX4,1077,0.331,0.299,0.445,0.687,4,0.4885
1j20qq1JyX4,1077,0.331,0.299,0.445,0.687,5,0.5156
1j20qq1JyX4,1078,0.328,0.291,0.486,0.736,1,0.4785
1j20qq1JyX4,1078,0.328,0.291,0.486,0.736,2,0.5017
1j20qq1JyX4,1078,0.328,0.291,0.486,0.736,3,0.5041
1j20qq1JyX4,1078,0.328,0.291,0.486,0.736,4,0.4832
1j20qq1JyX4,1078,0.328,0.291,0.486,0.736,5,0.5122
1j20qq1JyX4,1078,0.492,0.336,0.568,0.688,1,0.4906
1j20qq1JyX4,1078,0.492,0.336,0.568,0.688,2,0.5044
1j20qq1JyX4,1078,0.492,0.336,0.568,0.688,3,0.4956
1j20qq1JyX4,1078,0.492,0.336,0.568,0.688,4,0.4898
1j20qq1JyX4,1078,0.492,0.336,0.568,0.688,5,0.5064
1j20qq1JyX4,1078,0.265,0.315,0.331,0.676,1,0.4875
1j20qq1JyX4,1078,0.265,0.315,0.331,0.676,2,0.5033
1j20qq1JyX4,1078,0.265,0.315,0.331,0.676,3,0.5018
1j20qq1JyX4,1078,0.265,0.315,0.331,0.676,4,0.4854
1j20qq1JyX4,1078,0.265,0.315,0.331,0.676,5,0.5037
1j20qq1JyX4,1079,0.300,0.251,0.485,0.790,1,0.4728
1j20qq1JyX4,1079,0.300,0.251,0.485,0.790,2,0.5077
1j20qq1JyX4,1079,0.300,0.251,0.485,0.790,3,0.4996
1j20qq1JyX4,1079,0.300,0.251,0.485,0.790,4,0.4832
1j20qq1JyX4,1079,0.300,0.251,0.485,0.790,5,0.5114
1j20qq1JyX4,1079,0.451,0.335,0.527,0.700,1,0.4844
1j20qq1JyX4,1079,0.451,0.335,0.527,0.700,2,0.5073
1j20qq1JyX4,1079,0.451,0.335,0.527,0.700,3,0.4926
1j20qq1JyX4,1079,0.451,0.335,0.527,0.700,4,0.4899
1j20qq1JyX4,1079,0.451,0.335,0.527,0.700,5,0.5105
1j20qq1JyX4,1080,0.446,0.384,0.524,0.752,1,0.4920
1j20qq1JyX4,1080,0.446,0.384,0.524,0.752,2,0.5054
1j20qq1JyX4,1080,0.446,0.384,0.524,0.752,3,0.4951
1j20qq1JyX4,1080,0.446,0.384,0.524,0.752,4,0.4922
1j20qq1JyX4,1080,0.446,0.384,0.524,0.752,5,0.5108
1j20qq1JyX4,1080,0.249,0.194,0.478,0.876,1,0.4770
1j20qq1JyX4,1080,0.249,0.194,0.478,0.876,2,0.5093
1j20qq1JyX4,1080,0.249,0.194,0.478,0.876,3,0.5068
1j20qq1JyX4,1080,0.249,0.194,0.478,0.876,4,0.4840
1j20qq1JyX4,1080,0.249,0.194,0.478,0.876,5,0.5136
1j20qq1JyX4,1081,0.464,0.454,0.543,0.825,1,0.4913
1j20qq1JyX4,1081,0.464,0.454,0.543,0.825,2,0.5039
1j20qq1JyX4,1081,0.464,0.454,0.543,0.825,3,0.4955
1j20qq1JyX4,1081,0.464,0.454,0.543,0.825,4,0.4911
1j20qq1JyX4,1081,0.464,0.454,0.543,0.825,5,0.5059
1j20qq1JyX4,1081,0.175,0.069,0.456,0.980,1,0.4808
1j20qq1JyX4,1081,0.175,0.069,0.456,0.980,2,0.4969
1j20qq1JyX4,1081,0.175,0.069,0.456,0.980,3,0.5080
1j20qq1JyX4,1081,0.175,0.069,0.456,0.980,4,0.4890
1j20qq1JyX4,1081,0.175,0.069,0.456,0.980,5,0.5144
1j20qq1JyX4,1088,0.404,0.209,0.568,0.761,1,0.4894
1j20qq1JyX4,1088,0.404,0.209,0.568,0.761,2,0.5011
1j20qq1JyX4,1088,0.404,0.209,0.568,0.761,3,0.4934
1j20qq1JyX4,1088,0.404,0.209,0.568,0.761,4,0.5092
1j20qq1JyX4,1088,0.404,0.209,0.568,0.761,5,0.5019
1j20qq1JyX4,1090,0.417,0.282,0.576,0.812,1,0.4827
1j20qq1JyX4,1090,0.417,0.282,0.576,0.812,2,0.5034
1j20qq1JyX4,1090,0.417,0.282,0.576,0.812,3,0.5028
1j20qq1JyX4,1090,0.417,0.282,0.576,0.812,4,0.4985
1j20qq1JyX4,1090,0.417,0.282,0.576,0.812,5,0.5076
1j20qq1JyX4,1095,0.357,0.154,0.556,0.862,1,0.4811
1j20qq1JyX4,1095,0.357,0.154,0.556,0.862,2,0.5023
1j20qq1JyX4,1095,0.357,0.154,0.556,0.862,3,0.5084
1j20qq1JyX4,1095,0.357,0.154,0.556,0.862,4,0.4918
1j20qq1JyX4,1095,0.357,0.154,0.556,0.862,5,0.5197
1j20qq1JyX4,1096,0.320,0.109,0.571,0.862,1,0.4836
1j20qq1JyX4,1096,0.320,0.109,0.571,0.862,2,0.4978
1j20qq1JyX4,1096,0.320,0.109,0.571,0.862,3,0.4861
1j20qq1JyX4,1096,0.320,0.109,0.571,0.862,4,0.4894
1j20qq1JyX4,1096,0.320,0.109,0.571,0.862,5,0.5016
1j20qq1JyX4,1097,0.563,0.357,0.662,0.761,1,0.4855
1j20qq1JyX4,1097,0.563,0.357,0.662,0.761,2,0.5089
1j20qq1JyX4,1097,0.563,0.357,0.662,0.761,3,0.4882
1j20qq1JyX4,1097,0.563,0.357,0.662,0.761,4,0.5029
1j20qq1JyX4,1097,0.563,0.357,0.662,0.761,5,0.4927
1j20qq1JyX4,1097,0.445,0.347,0.541,0.761,1,0.4855
1j20qq1JyX4,1097,0.445,0.347,0.541,0.761,2,0.5038
1j20qq1JyX4,1097,0.445,0.347,0.541,0.761,3,0.4867
1j20qq1JyX4,1097,0.445,0.347,0.541,0.761,4,0.5072
1j20qq1JyX4,1097,0.445,0.347,0.541,0.761,5,0.4954
1j20qq1JyX4,1098,0.562,0.343,0.674,0.791,1,0.4884
1j20qq1JyX4,1098,0.562,0.343,0.674,0.791,2,0.5048
1j20qq1JyX4,1098,0.562,0.343,0.674,0.791,3,0.4879
1j20qq1JyX4,1098,0.562,0.343,0.674,0.791,4,0.4990
1j20qq1JyX4,1098,0.562,0.343,0.674,0.791,5,0.4900
1j20qq1JyX4,1098,0.430,0.330,0.546,0.785,1,0.4922
1j20qq1JyX4,1098,0.430,0.330,0.546,0.785,2,0.4997
1j20qq1JyX4,1098,0.430,0.330,0.546,0.785,3,0.4837
1j20qq1JyX4,1098,0.430,0.330,0.546,0.785,4,0.5051
1j20qq1JyX4,1098,0.430,0.330,0.546,0.785,5,0.4927
1j20qq1JyX4,1099,0.570,0.321,0.679,0.815,1,0.4870
1j20qq1JyX4,1099,0.570,0.321,0.679,0.815,2,0.5028
1j20qq1JyX4,1099,0.570,0.321,0.679,0.815,3,0.4894
1j20qq1JyX4,1099,0.570,0.321,0.679,0.815,4,0.5006
1j20qq1JyX4,1099,0.570,0.321,0.679,0.815,5,0.4911
1j20qq1JyX4,1099,0.419,0.313,0.542,0.822,1,0.4942
1j20qq1JyX4,1099,0.419,0.313,0.542,0.822,2,0.4999
1j20qq1JyX4,1099,0.419,0.313,0.542,0.822,3,0.4834
1j20qq1JyX4,1099,0.419,0.313,0.542,0.822,4,0.5034
1j20qq1JyX4,1099,0.419,0.313,0.542,0.822,5,0.4949
1j20qq1JyX4,1100,0.562,0.313,0.701,0.856,1,0.4885
1j20qq1JyX4,1100,0.562,0.313,0.701,0.856,2,0.5009
1j20qq1JyX4,1100,0.562,0.313,0.701,0.856,3,0.4885
1j20qq1JyX4,1100,0.562,0.313,0.701,0.856,4,0.5013
1j20qq1JyX4,1100,0.562,0.313,0.701,0.856,5,0.4888
1j20qq1JyX4,1100,0.421,0.308,0.541,0.866,1,0.4937
1j20qq1JyX4,1100,0.421,0.308,0.541,0.866,2,0.4971
1j20qq1JyX4,1100,0.421,0.308,0.541,0.866,3,0.4805
1j20qq1JyX4,1100,0.421,0.308,0.541,0.866,4,0.5023
1j20qq1JyX4,1100,0.421,0.308,0.541,0.866,5,0.4903
1j20qq1JyX4,1101,0.385,0.266,0.532,0.895,1,0.4939
1j20qq1JyX4,1101,0.385,0.266,0.532,0.895,2,0.4983
1j20qq1JyX4,1101,0.385,0.266,0.532,0.895,3,0.4835
1j20qq1JyX4,1101,0.385,0.266,0.532,0.895,4,0.5030
1j20qq1JyX4,1101,0.385,0.266,0.532,0.895,5,0.4880
1j20qq1JyX4,1101,0.554,0.274,0.672,0.878,1,0.4923
1j20qq1JyX4,1101,0.554,0.274,0.672,0.878,2,0.5014
1j20qq1JyX4,1101,0.554,0.274,0.672,0.878,3,0.4903
1j20qq1JyX4,1101,0.554,0.274,0.672,0.878,4,0.4996
1j20qq1JyX4,1101,0.554,0.274,0.672,0.878,5,0.4879
1j20qq1JyX4,1102,0.543,0.266,0.678,0.940,1,0.4916
1j20qq1JyX4,1102,0.543,0.266,0.678,0.940,2,0.5041
1j20qq1JyX4,1102,0.543,0.266,0.678,0.940,3,0.4928
1j20qq1JyX4,1102,0.543,0.266,0.678,0.940,4,0.5013
1j20qq1JyX4,1102,0.543,0.266,0.678,0.940,5,0.4939
1j20qq1JyX4,1102,0.369,0.254,0.536,0.936,1,0.4964
1j20qq1JyX4,1102,0.369,0.254,0.536,0.936,2,0.4983
1j20qq1JyX4,1102,0.369,0.254,0.536,0.936,3,0.4825
1j20qq1JyX4,1102,0.369,0.254,0.536,0.936,4,0.5044
1j20qq1JyX4,1102,0.369,0.254,0.536,0.936,5,0.4893
1j20qq1JyX4,1103,0.371,0.211,0.544,0.963,1,0.4947
1j20qq1JyX4,1103,0.371,0.211,0.544,0.963,2,0.4990
1j20qq1JyX4,1103,0.371,0.211,0.544,0.963,3,0.4872
1j20qq1JyX4,1103,0.371,0.211,0.544,0.963,4,0.5038
1j20qq1JyX4,1103,0.371,0.211,0.544,0.963,5,0.4935
1j20qq1JyX4,1103,0.541,0.219,0.687,0.945,1,0.4917
1j20qq1JyX4,1103,0.541,0.219,0.687,0.945,2,0.5035
1j20qq1JyX4,1103,0.541,0.219,0.687,0.945,3,0.4925
1j20qq1JyX4,1103,0.541,0.219,0.687,0.945,4,0.5041
1j20qq1JyX4,1103,0.541,0.219,0.687,0.945,5,0.4967
1j20qq1JyX4,1104,0.545,0.200,0.701,0.965,1,0.4904
1j20qq1JyX4,1104,0.545,0.200,0.701,0.965,2,0.5015
1j20qq1JyX4,1104,0.545,0.200,0.701,0.965,3,0.4940
1j20qq1JyX4,1104,0.545,0.200,0.701,0.965,4,0.5006
1j20qq1JyX4,1104,0.545,0.200,0.701,0.965,5,0.4957
1j20qq1JyX4,1104,0.334,0.191,0.543,0.973,1,0.4873
1j20qq1JyX4,1104,0.334,0.191,0.543,0.973,2,0.4966
1j20qq1JyX4,1104,0.334,0.191,0.543,0.973,3,0.4834
1j20qq1JyX4,1104,0.334,0.191,0.543,0.973,4,0.5012
1j20qq1JyX4,1104,0.334,0.191,0.543,0.973,5,0.4971
1j20qq1JyX4,1105,0.574,0.236,0.756,0.977,1,0.4885
1j20qq1JyX4,1105,0.574,0.236,0.756,0.977,2,0.5031
1j20qq1JyX4,1105,0.574,0.236,0.756,0.977,3,0.5020
1j20qq1JyX4,1105,0.574,0.236,0.756,0.977,4,0.4991
1j20qq1JyX4,1105,0.574,0.236,0.756,0.977,5,0.4976
1j20qq1JyX4,1105,0.310,0.223,0.542,0.980,1,0.4908
1j20qq1JyX4,1105,0.310,0.223,0.542,0.980,2,0.4996
1j20qq1JyX4,1105,0.310,0.223,0.542,0.980,3,0.4844
1j20qq1JyX4,1105,0.310,0.223,0.542,0.980,4,0.5028
1j20qq1JyX4,1105,0.310,0.223,0.542,0.980,5,0.4965
1j20qq1JyX4,1106,0.279,0.221,0.571,0.990,1,0.4908
1j20qq1JyX4,1106,0.279,0.221,0.571,0.990,2,0.4997
1j20qq1JyX4,1106,0.279,0.221,0.571,0.990,3,0.4839
1j20qq1JyX4,1106,0.279,0.221,0.571,0.990,4,0.4988
1j20qq1JyX4,1106,0.279,0.221,0.571,0.990,5,0.5012
1j20qq1JyX4,1106,0.603,0.223,0.839,0.981,1,0.4867
1j20qq1JyX4,1106,0.603,0.223,0.839,0.981,2,0.4991
1j20qq1JyX4,1106,0.603,0.223,0.839,0.981,3,0.5011
1j20qq1JyX4,1106,0.603,0.223,0.839,0.981,4,0.4969
1j20qq1JyX4,1106,0.603,0.223,0.839,0.981,5,0.4952
1j20qq1JyX4,1107,0.608,0.214,0.903,0.983,1,0.4827
1j20qq1JyX4,1107,0.608,0.214,0.903,0.983,2,0.4972
1j20qq1JyX4,1107,0.608,0.214,0.903,0.983,3,0.5032
1j20qq1JyX4,1107,0.608,0.214,0.903,0.983,4,0.5019
1j20qq1JyX4,1107,0.608,0.214,0.903,0.983,5,0.4951
1j20qq1JyX4,1107,0.227,0.200,0.556,0.998,1,0.4942
1j20qq1JyX4,1107,0.227,0.200,0.556,0.998,2,0.5014
1j20qq1JyX4,1107,0.227,0.200,0.556,0.998,3,0.4857
1j20qq1JyX4,1107,0.227,0.200,0.556,0.998,4,0.4964
1j20qq1JyX4,1107,0.227,0.200,0.556,0.998,5,0.5005
1j20qq1JyX4,1108,0.619,0.147,0.956,0.996,1,0.4854
1j20qq1JyX4,1108,0.619,0.147,0.956,0.996,2,0.4971
1j20qq1JyX4,1108,0.619,0.147,0.956,0.996,3,0.5021
1j20qq1JyX4,1108,0.619,0.147,0.956,0.996,4,0.5023
1j20qq1JyX4,1108,0.619,0.147,0.956,0.996,5,0.4977
1j20qq1JyX4,1108,0.146,0.144,0.515,0.988,1,0.4898
1j20qq1JyX4,1108,0.146,0.144,0.515,0.988,2,0.4985
1j20qq1JyX4,1108,0.146,0.144,0.515,0.988,3,0.4856
1j20qq1JyX4,1108,0.146,0.144,0.515,0.988,4,0.5000
1j20qq1JyX4,1108,0.146,0.144,0.515,0.988,5,0.4972
1j20qq1JyX4,1109,0.106,0.160,0.510,0.984,1,0.4890
1j20qq1JyX4,1109,0.106,0.160,0.510,0.984,2,0.4954
1j20qq1JyX4,1109,0.106,0.160,0.510,0.984,3,0.4849
1j20qq1JyX4,1109,0.106,0.160,0.510,0.984,4,0.4984
1j20qq1JyX4,1109,0.106,0.160,0.510,0.984,5,0.4970
1j20qq1JyX4,1109,0.708,0.182,0.988,0.989,1,0.4861
1j20qq1JyX4,1109,0.708,0.182,0.988,0.989,2,0.4984
1j20qq1JyX4,1109,0.708,0.182,0.988,0.989,3,0.5000
1j20qq1JyX4,1109,0.708,0.182,0.988,0.989,4,0.4982
1j20qq1JyX4,1109,0.708,0.182,0.988,0.989,5,0.4939
1j20qq1JyX4,1110,0.072,0.125,0.495,0.986,1,0.4913
1j20qq1JyX4,1110,0.072,0.125,0.495,0.986,2,0.4930
1j20qq1JyX4,1110,0.072,0.125,0.495,0.986,3,0.4866
1j20qq1JyX4,1110,0.072,0.125,0.495,0.986,4,0.4960
1j20qq1JyX4,1110,0.072,0.125,0.495,0.986,5,0.4956
1j20qq1JyX4,1110,0.753,0.143,0.991,0.998,1,0.4860
1j20qq1JyX4,1110,0.753,0.143,0.991,0.998,2,0.4989
1j20qq1JyX4,1110,0.753,0.143,0.991,0.998,3,0.5045
1j20qq1JyX4,1110,0.753,0.143,0.991,0.998,4,0.5004
1j20qq1JyX4,1110,0.753,0.143,0.991,0.998,5,0.4943
1j20qq1JyX4,1111,0.692,0.150,0.990,0.978,1,0.4830
1j20qq1JyX4,1111,0.692,0.150,0.990,0.978,2,0.5005
1j20qq1JyX4,1111,0.692,0.150,0.990,0.978,3,0.5035
1j20qq1JyX4,1111,0.692,0.150,0.990,0.978,4,0.5019
1j20qq1JyX4,1111,0.692,0.150,0.990,0.978,5,0.4932
1j20qq1JyX4,1111,0.026,0.128,0.392,0.978,1,0.4932
1j20qq1JyX4,1111,0.026,0.128,0.392,0.978,2,0.4960
1j20qq1JyX4,1111,0.026,0.128,0.392,0.978,3,0.4910
1j20qq1JyX4,1111,0.026,0.128,0.392,0.978,4,0.4958
1j20qq1JyX4,1111,0.026,0.128,0.392,0.978,5,0.4960
1j20qq1JyX4,1112,0.013,0.104,0.354,0.980,1,0.4934
1j20qq1JyX4,1112,0.013,0.104,0.354,0.980,2,0.4956
1j20qq1JyX4,1112,0.013,0.104,0.354,0.980,3,0.4899
1j20qq1JyX4,1112,0.013,0.104,0.354,0.980,4,0.4939
1j20qq1JyX4,1112,0.013,0.104,0.354,0.980,5,0.4956
1j20qq1JyX4,1112,0.771,0.087,0.989,0.989,1,0.4883
1j20qq1JyX4,1112,0.771,0.087,0.989,0.989,2,0.4997
1j20qq1JyX4,1112,0.771,0.087,0.989,0.989,3,0.5003
1j20qq1JyX4,1112,0.771,0.087,0.989,0.989,4,0.5061
1j20qq1JyX4,1112,0.771,0.087,0.989,0.989,5,0.4982
1j20qq1JyX4,1113,0.036,0.099,0.429,0.984,1,0.4852
1j20qq1JyX4,1113,0.036,0.099,0.429,0.984,2,0.5016
1j20qq1JyX4,1113,0.036,0.099,0.429,0.984,3,0.4865
1j20qq1JyX4,1113,0.036,0.099,0.429,0.984,4,0.5010
1j20qq1JyX4,1113,0.036,0.099,0.429,0.984,5,0.4970
1j20qq1JyX4,1115,0.619,0.453,0.715,0.725,1,0.4938
1j20qq1JyX4,1115,0.619,0.453,0.715,0.725,2,0.4955
1j20qq1JyX4,1115,0.619,0.453,0.715,0.725,3,0.5033
1j20qq1JyX4,1115,0.619,0.453,0.715,0.725,4,0.5006
1j20qq1JyX4,1115,0.619,0.453,0.715,0.725,5,0.4953
1j20qq1JyX4,1117,0.035,0.277,0.319,0.979,1,0.4913
1j20qq1JyX4,1117,0.035,0.277,0.319,0.979,2,0.5020
1j20qq1JyX4,1117,0.035,0.277,0.319,0.979,3,0.4795
1j20qq1JyX4,1117,0.035,0.277,0.319,0.979,4,0.5095
1j20qq1JyX4,1117,0.035,0.277,0.319,0.979,5,0.5119
1j20qq1JyX4,1118,0.802,0.186,0.994,0.989,1,0.4858
1j20qq1JyX4,1118,0.802,0.186,0.994,0.989,2,0.4980
1j20qq1JyX4,1118,0.802,0.186,0.994,0.989,3,0.5006
1j20qq1JyX4,1118,0.802,0.186,0.994,0.989,4,0.4950
1j20qq1JyX4,1118,0.802,0.186,0.994,0.989,5,0.4909
1j20qq1JyX4,1118,0.037,0.202,0.321,0.988,1,0.4850
1j20qq1JyX4,1118,0.037,0.202,0.321,0.988,2,0.5003
1j20qq1JyX4,1118,0.037,0.202,0.321,0.988,3,0.4805
1j20qq1JyX4,1118,0.037,0.202,0.321,0.988,4,0.5038
1j20qq1JyX4,1118,0.037,0.202,0.321,0.988,5,0.5032
1j20qq1JyX4,1119,0.768,0.211,0.993,0.965,1,0.4859
1j20qq1JyX4,1119,0.768,0.211,0.993,0.965,2,0.4980
1j20qq1JyX4,1119,0.768,0.211,0.993,0.965,3,0.5001
1j20qq1JyX4,1119,0.768,0.211,0.993,0.965,4,0.4984
1j20qq1JyX4,1119,0.768,0.211,0.993,0.965,5,0.4905
1j20qq1JyX4,1119,0.044,0.226,0.350,0.988,1,0.4881
1j20qq1JyX4,1119,0.044,0.226,0.350,0.988,2,0.5004
1j20qq1JyX4,1119,0.044,0.226,0.350,0.988,3,0.4812
1j20qq1JyX4,1119,0.044,0.226,0.350,0.988,4,0.5040
1j20qq1JyX4,1119,0.044,0.226,0.350,0.988,5,0.5085
1j20qq1JyX4,1120,0.734,0.228,0.987,0.988,1,0.4853
1j20qq1JyX4,1120,0.734,0.228,0.987,0.988,2,0.4966
1j20qq1JyX4,1120,0.734,0.228,0.987,0.988,3,0.5023
1j20qq1JyX4,1120,0.734,0.228,0.987,0.988,4,0.5000
1j20qq1JyX4,1120,0.734,0.228,0.987,0.988,5,0.4943
1j20qq1JyX4,1120,0.062,0.237,0.345,0.985,1,0.4946
1j20qq1JyX4,1120,0.062,0.237,0.345,0.985,2,0.5035
1j20qq1JyX4,1120,0.062,0.237,0.345,0.985,3,0.4843
1j20qq1JyX4,1120,0.062,0.237,0.345,0.985,4,0.5079
1j20qq1JyX4,1120,0.062,0.237,0.345,0.985,5,0.5117
1j20qq1JyX4,1121,0.096,0.246,0.365,0.989,1,0.4936
1j20qq1JyX4,1121,0.096,0.246,0.365,0.989,2,0.5019
1j20qq1JyX4,1121,0.096,0.246,0.365,0.989,3,0.4808
1j20qq1JyX4,1121,0.096,0.246,0.365,0.989,4,0.5061
1j20qq1JyX4,1121,0.096,0.246,0.365,0.989,5,0.5065
1j20qq1JyX4,1121,0.728,0.234,0.984,0.994,1,0.4847
1j20qq1JyX4,1121,0.728,0.234,0.984,0.994,2,0.4975
1j20qq1JyX4,1121,0.728,0.234,0.984,0.994,3,0.5048
1j20qq1JyX4,1121,0.728,0.234,0.984,0.994,4,0.5026
1j20qq1JyX4,1121,0.728,0.234,0.984,0.994,5,0.4990
1j20qq1JyX4,1122,0.739,0.263,0.985,0.989,1,0.4862
1j20qq1JyX4,1122,0.739,0.263,0.985,0.989,2,0.4968
1j20qq1JyX4,1122,0.739,0.263,0.985,0.989,3,0.5049
1j20qq1JyX4,1122,0.739,0.263,0.985,0.989,4,0.5034
1j20qq1JyX4,1122,0.739,0.263,0.985,0.989,5,0.4993
1j20qq1JyX4,1122,0.112,0.240,0.384,0.995,1,0.4943
1j20qq1JyX4,1122,0.112,0.240,0.384,0.995,2,0.4959
1j20qq1JyX4,1122,0.112,0.240,0.384,0.995,3,0.4818
1j20qq1JyX4,1122,0.112,0.240,0.384,0.995,4,0.4999
1j20qq1JyX4,1122,0.112,0.240,0.384,0.995,5,0.5033
1j20qq1JyX4,1124,0.108,0.239,0.407,0.989,1,0.4911
1j20qq1JyX4,1124,0.108,0.239,0.407,0.989,2,0.4996
1j20qq1JyX4,1124,0.108,0.239,0.407,0.989,3,0.4806
1j20qq1JyX4,1124,0.108,0.239,0.407,0.989,4,0.5066
1j20qq1JyX4,1124,0.108,0.239,0.407,0.989,5,0.5047
1j20qq1JyX4,1124,0.715,0.237,0.972,0.991,1,0.4836
1j20qq1JyX4,1124,0.715,0.237,0.972,0.991,2,0.4963
1j20qq1JyX4,1124,0.715,0.237,0.972,0.991,3,0.5039
1j20qq1JyX4,1124,0.715,0.237,0.972,0.991,4,0.5061
1j20qq1JyX4,1124,0.715,0.237,0.972,0.991,5,0.4993
1j20qq1JyX4,1125,0.050,0.233,0.321,0.985,1,0.4967
1j20qq1JyX4,1125,0.050,0.233,0.321,0.985,2,0.5042
1j20qq1JyX4,1125,0.050,0.233,0.321,0.985,3,0.4828
1j20qq1JyX4,1125,0.050,0.233,0.321,0.985,4,0.5030
1j20qq1JyX4,1125,0.050,0.233,0.321,0.985,5,0.5075
1j20qq1JyX4,1125,0.691,0.234,0.955,0.997,1,0.4834
1j20qq1JyX4,1125,0.691,0.234,0.955,0.997,2,0.4972
1j20qq1JyX4,1125,0.691,0.234,0.955,0.997,3,0.5058
1j20qq1JyX4,1125,0.691,0.234,0.955,0.997,4,0.5038
1j20qq1JyX4,1125,0.691,0.234,0.955,0.997,5,0.5035
1j20qq1JyX4,1126,0.026,0.228,0.287,0.992,1,0.4990
1j20qq1JyX4,1126,0.026,0.228,0.287,0.992,2,0.5007
1j20qq1JyX4,1126,0.026,0.228,0.287,0.992,3,0.4855
1j20qq1JyX4,1126,0.026,0.228,0.287,0.992,4,0.5061
1j20qq1JyX4,1126,0.026,0.228,0.287,0.992,5,0.5089
1j20qq1JyX4,1126,0.695,0.218,0.948,0.992,1,0.4853
1j20qq1JyX4,1126,0.695,0.218,0.948,0.992,2,0.4967
1j20qq1JyX4,1126,0.695,0.218,0.948,0.992,3,0.5041
1j20qq1JyX4,1126,0.695,0.218,0.948,0.992,4,0.5060
1j20qq1JyX4,1126,0.695,0.218,0.948,0.992,5,0.5012
1j20qq1JyX4,1127,0.698,0.183,0.961,0.998,1,0.4831
1j20qq1JyX4,1127,0.698,0.183,0.961,0.998,2,0.5042
1j20qq1JyX4,1127,0.698,0.183,0.961,0.998,3,0.4951
1j20qq1JyX4,1127,0.698,0.183,0.961,0.998,4,0.5081
1j20qq1JyX4,1127,0.698,0.183,0.961,0.998,5,0.4949
1j20qq1JyX4,1127,0.040,0.176,0.309,0.981,1,0.4932
1j20qq1JyX4,1127,0.040,0.176,0.309,0.981,2,0.4965
1j20qq1JyX4,1127,0.040,0.176,0.309,0.981,3,0.4900
1j20qq1JyX4,1127,0.040,0.176,0.309,0.981,4,0.5029
1j20qq1JyX4,1127,0.040,0.176,0.309,0.981,5,0.5076
1j20qq1JyX4,1130,0.048,0.162,0.321,0.983,1,0.4909
1j20qq1JyX4,1130,0.048,0.162,0.321,0.983,2,0.4958
1j20qq1JyX4,1130,0.048,0.162,0.321,0.983,3,0.4855
1j20qq1JyX4,1130,0.048,0.162,0.321,0.983,4,0.5017
1j20qq1JyX4,1130,0.048,0.162,0.321,0.983,5,0.5044
1j20qq1JyX4,1130,0.601,0.154,0.886,0.992,1,0.4825
1j20qq1JyX4,1130,0.601,0.154,0.886,0.992,2,0.5017
1j20qq1JyX4,1130,0.601,0.154,0.886,0.992,3,0.5009
1j20qq1JyX4,1130,0.601,0.154,0.886,0.992,4,0.5003
1j20qq1JyX4,1130,0.601,0.154,0.886,0.992,5,0.4978
1j20qq1JyX4,1131,0.599,0.154,0.876,0.985,1,0.4881
1j20qq1JyX4,1131,0.599,0.154,0.876,0.985,2,0.5031
1j20qq1JyX4,1131,0.599,0.154,0.876,0.985,3,0.5034
1j20qq1JyX4,1131,0.599,0.154,0.876,0.985,4,0.5039
1j20qq1JyX4,1131,0.599,0.154,0.876,0.985,5,0.4987
1j20qq1JyX4,1131,0.071,0.157,0.383,0.990,1,0.4902
1j20qq1JyX4,1131,0.071,0.157,0.383,0.990,2,0.4951
1j20qq1JyX4,1131,0.071,0.157,0.383,0.990,3,0.4858
1j20qq1JyX4,1131,0.071,0.157,0.383,0.990,4,0.5036
1j20qq1JyX4,1131,0.071,0.157,0.383,0.990,5,0.5009
1j20qq1JyX4,1152,0.126,0.307,0.432,0.988,1,0.4878
1j20qq1JyX4,1152,0.126,0.307,0.432,0.988,2,0.4953
1j20qq1JyX4,1152,0.126,0.307,0.432,0.988,3,0.4972
1j20qq1JyX4,1152,0.126,0.307,0.432,0.988,4,0.4791
1j20qq1JyX4,1152,0.126,0.307,0.432,0.988,5,0.5110
1j20qq1JyX4,1152,0.502,0.198,0.764,0.989,1,0.4891
1j20qq1JyX4,1152,0.502,0.198,0.764,0.989,2,0.4979
1j20qq1JyX4,1152,0.502,0.198,0.764,0.989,3,0.5101
1j20qq1JyX4,1152,0.502,0.198,0.764,0.989,4,0.4827
1j20qq1JyX4,1152,0.502,0.198,0.764,0.989,5,0.5100
1j20qq1JyX4,1162,0.080,0.097,0.958,0.978,1,0.4813
1j20qq1JyX4,1162,0.080,0.097,0.958,0.978,2,0.5013
1j20qq1JyX4,1162,0.080,0.097,0.958,0.978,3,0.5031
1j20qq1JyX4,1162,0.080,0.097,0.958,0.978,4,0.4909
1j20qq1JyX4,1162,0.080,0.097,0.958,0.978,5,0.5052
1j20qq1JyX4,1163,0.614,0.252,0.898,0.986,1,0.4768
1j20qq1JyX4,1163,0.614,0.252,0.898,0.986,2,0.4937
1j20qq1JyX4,1163,0.614,0.252,0.898,0.986,3,0.4961
1j20qq1JyX4,1163,0.614,0.252,0.898,0.986,4,0.4942
1j20qq1JyX4,1163,0.614,0.252,0.898,0.986,5,0.5043
1j20qq1JyX4,1163,0.148,0.184,0.528,0.991,1,0.4875
1j20qq1JyX4,1163,0.148,0.184,0.528,0.991,2,0.4966
1j20qq1JyX4,1163,0.148,0.184,0.528,0.991,3,0.4978
1j20qq1JyX4,1163,0.148,0.184,0.528,0.991,4,0.4801
1j20qq1JyX4,1163,0.148,0.184,0.528,0.991,5,0.5052
1j20qq1JyX4,1164,0.074,0.088,0.948,0.966,1,0.4924
1j20qq1JyX4,1164,0.074,0.088,0.948,0.966,2,0.5051
1j20qq1JyX4,1164,0.074,0.088,0.948,0.966,3,0.5212
1j20qq1JyX4,1164,0.074,0.088,0.948,0.966,4,0.4930
1j20qq1JyX4,1164,0.074,0.088,0.948,0.966,5,0.5144
1j20qq1JyX4,1168,0.606,0.237,0.936,0.981,1,0.4845
1j20qq1JyX4,1168,0.606,0.237,0.936,0.981,2,0.5034
1j20qq1JyX4,1168,0.606,0.237,0.936,0.981,3,0.5045
1j20qq1JyX4,1168,0.606,0.237,0.936,0.981,4,0.4981
1j20qq1JyX4,1168,0.606,0.237,0.936,0.981,5,0.5042
1j20qq1JyX4,1168,0.060,0.135,0.467,0.991,1,0.4798
1j20qq1JyX4,1168,0.060,0.135,0.467,0.991,2,0.5062
1j20qq1JyX4,1168,0.060,0.135,0.467,0.991,3,0.4942
1j20qq1JyX4,1168,0.060,0.135,0.467,0.991,4,0.4904
1j20qq1JyX4,1168,0.060,0.135,0.467,0.991,5,0.4984
1j20qq1JyX4,1192,0.071,0.028,0.957,0.983,1,0.4795
1j20qq1JyX4,1192,0.071,0.028,0.957,0.983,2,0.4885
1j20qq1JyX4,1192,0.071,0.028,0.957,0.983,3,0.4881
1j20qq1JyX4,1192,0.071,0.028,0.957,0.983,4,0.4782
1j20qq1JyX4,1192,0.071,0.028,0.957,0.983,5,0.4928
1j20qq1JyX4,1194,0.009,0.036,0.959,0.983,1,0.4832
1j20qq1JyX4,1194,0.009,0.036,0.959,0.983,2,0.4993
1j20qq1JyX4,1194,0.009,0.036,0.959,0.983,3,0.4897
1j20qq1JyX4,1194,0.009,0.036,0.959,0.983,4,0.4753
1j20qq1JyX4,1194,0.009,0.036,0.959,0.983,5,0.5032
1j20qq1JyX4,1202,0.059,0.068,0.998,0.986,1,0.4882
1j20qq1JyX4,1202,0.059,0.068,0.998,0.986,2,0.4985
1j20qq1JyX4,1202,0.059,0.068,0.998,0.986,3,0.4931
1j20qq1JyX4,1202,0.059,0.068,0.998,0.986,4,0.4898
1j20qq1JyX4,1202,0.059,0.068,0.998,0.986,5,0.5007
1j20qq1JyX4,1203,0.052,0.061,0.976,0.989,1,0.4893
1j20qq1JyX4,1203,0.052,0.061,0.976,0.989,2,0.5064
1j20qq1JyX4,1203,0.052,0.061,0.976,0.989,3,0.4770
1j20qq1JyX4,1203,0.052,0.061,0.976,0.989,4,0.4793
1j20qq1JyX4,1203,0.052,0.061,0.976,0.989,5,0.5029
1j20qq1JyX4,1204,0.057,0.058,0.975,0.988,1,0.4883
1j20qq1JyX4,1204,0.057,0.058,0.975,0.988,2,0.5011
1j20qq1JyX4,1204,0.057,0.058,0.975,0.988,3,0.4912
1j20qq1JyX4,1204,0.057,0.058,0.975,0.988,4,0.4870
1j20qq1JyX4,1204,0.057,0.058,0.975,0.988,5,0.5084
1j20qq1JyX4,1215,0.049,0.076,0.967,0.943,1,0.4910
1j20qq1JyX4,1215,0.049,0.076,0.967,0.943,2,0.4924
1j20qq1JyX4,1215,0.049,0.076,0.967,0.943,3,0.5074
1j20qq1JyX4,1215,0.049,0.076,0.967,0.943,4,0.5015
1j20qq1JyX4,1215,0.049,0.076,0.967,0.943,5,0.5072
1j20qq1JyX4,1231,0.037,0.122,0.911,0.972,1,0.4879
1j20qq1JyX4,1231,0.037,0.122,0.911,0.972,2,0.4969
1j20qq1JyX4,1231,0.037,0.122,0.911,0.972,3,0.4996
1j20qq1JyX4,1231,0.037,0.122,0.911,0.972,4,0.5000
1j20qq1JyX4,1231,0.037,0.122,0.911,0.972,5,0.5084
1j20qq1JyX4,1238,0.028,0.120,0.975,0.956,1,0.4889
1j20qq1JyX4,1238,0.028,0.120,0.975,0.956,2,0.4887
1j20qq1JyX4,1238,0.028,0.120,0.975,0.956,3,0.5009
1j20qq1JyX4,1238,0.028,0.120,0.975,0.956,4,0.4959
1j20qq1JyX4,1238,0.028,0.120,0.975,0.956,5,0.5087
1j20qq1JyX4,1258,0.076,0.158,0.956,0.975,1,0.4909
1j20qq1JyX4,1258,0.076,0.158,0.956,0.975,2,0.4940
1j20qq1JyX4,1258,0.076,0.158,0.956,0.975,3,0.5017
1j20qq1JyX4,1258,0.076,0.158,0.956,0.975,4,0.5030
1j20qq1JyX4,1258,0.076,0.158,0.956,0.975,5,0.5077
1j20qq1JyX4,1259,0.054,0.150,0.971,0.981,1,0.4960
1j20qq1JyX4,1259,0.054,0.150,0.971,0.981,2,0.4935
1j20qq1JyX4,1259,0.054,0.150,0.971,0.981,3,0.5052
1j20qq1JyX4,1259,0.054,0.150,0.971,0.981,4,0.5015
1j20qq1JyX4,1259,0.054,0.150,0.971,0.981,5,0.5087
1j20qq1JyX4,1266,0.056,0.163,0.954,0.981,1,0.4946
1j20qq1JyX4,1266,0.056,0.163,0.954,0.981,2,0.4978
1j20qq1JyX4,1266,0.056,0.163,0.954,0.981,3,0.5030
1j20qq1JyX4,1266,0.056,0.163,0.954,0.981,4,0.4979
1j20qq1JyX4,1266,0.056,0.163,0.954,0.981,5,0.5058
1j20qq1JyX4,1282,0.073,0.076,0.978,0.987,1,0.4952
1j20qq1JyX4,1282,0.073,0.076,0.978,0.987,2,0.5120
1j20qq1JyX4,1282,0.073,0.076,0.978,0.987,3,0.4969
1j20qq1JyX4,1282,0.073,0.076,0.978,0.987,4,0.4971
1j20qq1JyX4,1282,0.073,0.076,0.978,0.987,5,0.5042
1j20qq1JyX4,1293,0.029,0.106,0.927,0.976,1,0.4864
1j20qq1JyX4,1293,0.029,0.106,0.927,0.976,2,0.5001
1j20qq1JyX4,1293,0.029,0.106,0.927,0.976,3,0.5030
1j20qq1JyX4,1293,0.029,0.106,0.927,0.976,4,0.4985
1j20qq1JyX4,1293,0.029,0.106,0.927,0.976,5,0.5063
1j20qq1JyX4,1328,0.590,0.116,0.838,0.663,1,0.4956
1j20qq1JyX4,1328,0.590,0.116,0.838,0.663,2,0.4932
1j20qq1JyX4,1328,0.590,0.116,0.838,0.663,3,0.5001
1j20qq1JyX4,1328,0.590,0.116,0.838,0.663,4,0.5004
1j20qq1JyX4,1328,0.590,0.116,0.838,0.663,5,0.4986
1j20qq1JyX4,1329,0.593,0.124,0.805,0.669,1,0.4912
1j20qq1JyX4,1329,0.593,0.124,0.805,0.669,2,0.4926
1j20qq1JyX4,1329,0.593,0.124,0.805,0.669,3,0.5015
1j20qq1JyX4,1329,0.593,0.124,0.805,0.669,4,0.4972
1j20qq1JyX4,1329,0.593,0.124,0.805,0.669,5,0.4987
1j20qq1JyX4,1329,0.129,0.390,0.310,0.754,1,0.4951
1j20qq1JyX4,1329,0.129,0.390,0.310,0.754,2,0.4986
1j20qq1JyX4,1329,0.129,0.390,0.310,0.754,3,0.4875
1j20qq1JyX4,1329,0.129,0.390,0.310,0.754,4,0.4939
1j20qq1JyX4,1329,0.129,0.390,0.310,0.754,5,0.5143
1j20qq1JyX4,1330,0.120,0.382,0.311,0.778,1,0.4856
1j20qq1JyX4,1330,0.120,0.382,0.311,0.778,2,0.5018
1j20qq1JyX4,1330,0.120,0.382,0.311,0.778,3,0.4789
1j20qq1JyX4,1330,0.120,0.382,0.311,0.778,4,0.4881
1j20qq1JyX4,1330,0.120,0.382,0.311,0.778,5,0.5123
1j20qq1JyX4,1330,0.594,0.117,0.850,0.653,1,0.4948
1j20qq1JyX4,1330,0.594,0.117,0.850,0.653,2,0.4969
1j20qq1JyX4,1330,0.594,0.117,0.850,0.653,3,0.4903
1j20qq1JyX4,1330,0.594,0.117,0.850,0.653,4,0.4892
1j20qq1JyX4,1330,0.594,0.117,0.850,0.653,5,0.4984
1j20qq1JyX4,1331,0.116,0.383,0.315,0.785,1,0.4824
1j20qq1JyX4,1331,0.116,0.383,0.315,0.785,2,0.5008
1j20qq1JyX4,1331,0.116,0.383,0.315,0.785,3,0.4796
1j20qq1JyX4,1331,0.116,0.383,0.315,0.785,4,0.4820
1j20qq1JyX4,1331,0.116,0.383,0.315,0.785,5,0.5090
1j20qq1JyX4,1331,0.593,0.114,0.861,0.655,1,0.4970
1j20qq1JyX4,1331,0.593,0.114,0.861,0.655,2,0.5021
1j20qq1JyX4,1331,0.593,0.114,0.861,0.655,3,0.4766
1j20qq1JyX4,1331,0.593,0.114,0.861,0.655,4,0.4823
1j20qq1JyX4,1331,0.593,0.114,0.861,0.655,5,0.4980
1j20qq1JyX4,1332,0.140,0.405,0.329,0.801,1,0.4827
1j20qq1JyX4,1332,0.140,0.405,0.329,0.801,2,0.5042
1j20qq1JyX4,1332,0.140,0.405,0.329,0.801,3,0.4736
1j20qq1JyX4,1332,0.140,0.405,0.329,0.801,4,0.4809
1j20qq1JyX4,1332,0.140,0.405,0.329,0.801,5,0.5070
1j20qq1JyX4,1332,0.593,0.112,0.858,0.657,1,0.4941
1j20qq1JyX4,1332,0.593,0.112,0.858,0.657,2,0.5054
1j20qq1JyX4,1332,0.593,0.112,0.858,0.657,3,0.4721
1j20qq1JyX4,1332,0.593,0.112,0.858,0.657,4,0.4777
1j20qq1JyX4,1332,0.593,0.112,0.858,0.657,5,0.5000
1j20qq1JyX4,1333,0.591,0.109,0.859,0.656,1,0.4903
1j20qq1JyX4,1333,0.591,0.109,0.859,0.656,2,0.5072
1j20qq1JyX4,1333,0.591,0.109,0.859,0.656,3,0.4688
1j20qq1JyX4,1333,0.591,0.109,0.859,0.656,4,0.4756
1j20qq1JyX4,1333,0.591,0.109,0.859,0.656,5,0.5025
1j20qq1JyX4,1333,0.092,0.392,0.320,0.760,1,0.4802
1j20qq1JyX4,1333,0.092,0.392,0.320,0.760,2,0.4989
1j20qq1JyX4,1333,0.092,0.392,0.320,0.760,3,0.4712
1j20qq1JyX4,1333,0.092,0.392,0.320,0.760,4,0.4687
1j20qq1JyX4,1333,0.092,0.392,0.320,0.760,5,0.5169
1j20qq1JyX4,1334,0.592,0.110,0.858,0.654,1,0.4893
1j20qq1JyX4,1334,0.592,0.110,0.858,0.654,2,0.5083
1j20qq1JyX4,1334,0.592,0.110,0.858,0.654,3,0.4665
1j20qq1JyX4,1334,0.592,0.110,0.858,0.654,4,0.4734
1j20qq1JyX4,1334,0.592,0.110,0.858,0.654,5,0.5028
1j20qq1JyX4,1334,0.082,0.394,0.328,0.774,1,0.4836
1j20qq1JyX4,1334,0.082,0.394,0.328,0.774,2,0.5028
1j20qq1JyX4,1334,0.082,0.394,0.328,0.774,3,0.4729
1j20qq1JyX4,1334,0.082,0.394,0.328,0.774,4,0.4735
1j20qq1JyX4,1334,0.082,0.394,0.328,0.774,5,0.5166
1j20qq1JyX4,1335,0.076,0.384,0.312,0.796,1,0.4866
1j20qq1JyX4,1335,0.076,0.384,0.312,0.796,2,0.5002
1j20qq1JyX4,1335,0.076,0.384,0.312,0.796,3,0.4749
1j20qq1JyX4,1335,0.076,0.384,0.312,0.796,4,0.4757
1j20qq1JyX4,1335,0.076,0.384,0.312,0.796,5,0.5107
1j20qq1JyX4,1335,0.593,0.117,0.859,0.655,1,0.4915
1j20qq1JyX4,1335,0.593,0.117,0.859,0.655,2,0.5076
1j20qq1JyX4,1335,0.593,0.117,0.859,0.655,3,0.4677
1j20qq1JyX4,1335,0.593,0.117,0.859,0.655,4,0.4723
1j20qq1JyX4,1335,0.593,0.117,0.859,0.655,5,0.5019
1j20qq1JyX4,1336,0.076,0.392,0.319,0.764,1,0.4809
1j20qq1JyX4,1336,0.076,0.392,0.319,0.764,2,0.5034
1j20qq1JyX4,1336,0.076,0.392,0.319,0.764,3,0.4704
1j20qq1JyX4,1336,0.076,0.392,0.319,0.764,4,0.4673
1j20qq1JyX4,1336,0.076,0.392,0.319,0.764,5,0.5153
1j20qq1JyX4,1336,0.591,0.115,0.856,0.659,1,0.4913
1j20qq1JyX4,1336,0.591,0.115,0.856,0.659,2,0.5064
1j20qq1JyX4,1336,0.591,0.115,0.856,0.659,3,0.4709
1j20qq1JyX4,1336,0.591,0.115,0.856,0.659,4,0.4748
1j20qq1JyX4,1336,0.591,0.115,0.856,0.659,5,0.5024
1j20qq1JyX4,1337,0.591,0.113,0.858,0.658,1,0.4912
1j20qq1JyX4,1337,0.591,0.113,0.858,0.658,2,0.5071
1j20qq1JyX4,1337,0.591,0.113,0.858,0.658,3,0.4698
1j20qq1JyX4,1337,0.591,0.113,0.858,0.658,4,0.4749
1j20qq1JyX4,1337,0.591,0.113,0.858,0.658,5,0.5026
1j20qq1JyX4,1337,0.139,0.411,0.323,0.787,1,0.4834
1j20qq1JyX4,1337,0.139,0.411,0.323,0.787,2,0.5047
1j20qq1JyX4,1337,0.139,0.411,0.323,0.787,3,0.4695
1j20qq1JyX4,1337,0.139,0.411,0.323,0.787,4,0.4715
1j20qq1JyX4,1337,0.139,0.411,0.323,0.787,5,0.5085
1j20qq1JyX4,1338,0.590,0.114,0.856,0.662,1,0.4918
1j20qq1JyX4,1338,0.590,0.114,0.856,0.662,2,0.5065
1j20qq1JyX4,1338,0.590,0.114,0.856,0.662,3,0.4716
1j20qq1JyX4,1338,0.590,0.114,0.856,0.662,4,0.4753
1j20qq1JyX4,1338,0.590,0.114,0.856,0.662,5,0.5026
1j20qq1JyX4,1338,0.144,0.423,0.346,0.796,1,0.4879
1j20qq1JyX4,1338,0.144,0.423,0.346,0.796,2,0.5054
1j20qq1JyX4,1338,0.144,0.423,0.346,0.796,3,0.4705
1j20qq1JyX4,1338,0.144,0.423,0.346,0.796,4,0.4739
1j20qq1JyX4,1338,0.144,0.423,0.346,0.796,5,0.5052
1j20qq1JyX4,1339,0.592,0.116,0.860,0.662,1,0.4925
1j20qq1JyX4,1339,0.592,0.116,0.860,0.662,2,0.5077
1j20qq1JyX4,1339,0.592,0.116,0.860,0.662,3,0.4700
1j20qq1JyX4,1339,0.592,0.116,0.860,0.662,4,0.4743
1j20qq1JyX4,1339,0.592,0.116,0.860,0.662,5,0.5022
1j20qq1JyX4,1339,0.141,0.421,0.339,0.801,1,0.4862
1j20qq1JyX4,1339,0.141,0.421,0.339,0.801,2,0.5057
1j20qq1JyX4,1339,0.141,0.421,0.339,0.801,3,0.4699
1j20qq1JyX4,1339,0.141,0.421,0.339,0.801,4,0.4744
1j20qq1JyX4,1339,0.141,0.421,0.339,0.801,5,0.5046
1j20qq1JyX4,1340,0.591,0.114,0.861,0.664,1,0.4921
1j20qq1JyX4,1340,0.591,0.114,0.861,0.664,2,0.5078
1j20qq1JyX4,1340,0.591,0.114,0.861,0.664,3,0.4698
1j20qq1JyX4,1340,0.591,0.114,0.861,0.664,4,0.4751
1j20qq1JyX4,1340,0.591,0.114,0.861,0.664,5,0.5020
1j20qq1JyX4,1340,0.142,0.422,0.343,0.795,1,0.4884
1j20qq1JyX4,1340,0.142,0.422,0.343,0.795,2,0.4986
1j20qq1JyX4,1340,0.142,0.422,0.343,0.795,3,0.4767
1j20qq1JyX4,1340,0.142,0.422,0.343,0.795,4,0.4768
1j20qq1JyX4,1340,0.142,0.422,0.343,0.795,5,0.5063
1j20qq1JyX4,1341,0.111,0.399,0.323,0.789,1,0.4906
1j20qq1JyX4,1341,0.111,0.399,0.323,0.789,2,0.4954
1j20qq1JyX4,1341,0.111,0.399,0.323,0.789,3,0.4797
1j20qq1JyX4,1341,0.111,0.399,0.323,0.789,4,0.4851
1j20qq1JyX4,1341,0.111,0.399,0.323,0.789,5,0.5094
1j20qq1JyX4,1341,0.592,0.116,0.857,0.661,1,0.4913
1j20qq1JyX4,1341,0.592,0.116,0.857,0.661,2,0.5073
1j20qq1JyX4,1341,0.592,0.116,0.857,0.661,3,0.4703
1j20qq1JyX4,1341,0.592,0.116,0.857,0.661,4,0.4737
1j20qq1JyX4,1341,0.592,0.116,0.857,0.661,5,0.5018
1j20qq1JyX4,1342,0.106,0.390,0.320,0.784,1,0.4957
1j20qq1JyX4,1342,0.106,0.390,0.320,0.784,2,0.4982
1j20qq1JyX4,1342,0.106,0.390,0.320,0.784,3,0.4833
1j20qq1JyX4,1342,0.106,0.390,0.320,0.784,4,0.4920
1j20qq1JyX4,1342,0.106,0.390,0.320,0.784,5,0.5026
1j20qq1JyX4,1342,0.591,0.113,0.857,0.663,1,0.4878
1j20qq1JyX4,1342,0.591,0.113,0.857,0.663,2,0.4992
1j20qq1JyX4,1342,0.591,0.113,0.857,0.663,3,0.4745
1j20qq1JyX4,1342,0.591,0.113,0.857,0.663,4,0.4907
1j20qq1JyX4,1342,0.591,0.113,0.857,0.663,5,0.4958
1j20qq1JyX4,1343,0.112,0.033,0.983,0.987,1,0.4837
1j20qq1JyX4,1343,0.112,0.033,0.983,0.987,2,0.5047
1j20qq1JyX4,1343,0.112,0.033,0.983,0.987,3,0.4784
1j20qq1JyX4,1343,0.112,0.033,0.983,0.987,4,0.4945
1j20qq1JyX4,1343,0.112,0.033,0.983,0.987,5,0.5063
1j20qq1JyX4,1344,0.153,0.023,0.998,0.959,1,0.4935
1j20qq1JyX4,1344,0.153,0.023,0.998,0.959,2,0.5107
1j20qq1JyX4,1344,0.153,0.023,0.998,0.959,3,0.4778
1j20qq1JyX4,1344,0.153,0.023,0.998,0.959,4,0.4939
1j20qq1JyX4,1344,0.153,0.023,0.998,0.959,5,0.5017
1j20qq1JyX4,1348,0.110,0.091,0.989,0.970,1,0.4860
1j20qq1JyX4,1348,0.110,0.091,0.989,0.970,2,0.5080
1j20qq1JyX4,1348,0.110,0.091,0.989,0.970,3,0.4748
1j20qq1JyX4,1348,0.110,0.091,0.989,0.970,4,0.4930
1j20qq1JyX4,1348,0.110,0.091,0.989,0.970,5,0.5011
1j20qq1JyX4,1349,0.176,0.060,0.904,0.980,1,0.4868
1j20qq1JyX4,1349,0.176,0.060,0.904,0.980,2,0.5054
1j20qq1JyX4,1349,0.176,0.060,0.904,0.980,3,0.4872
1j20qq1JyX4,1349,0.176,0.060,0.904,0.980,4,0.4980
1j20qq1JyX4,1349,0.176,0.060,0.904,0.980,5,0.5083
1j20qq1JyX4,1350,0.191,0.053,0.934,0.981,1,0.4821
1j20qq1JyX4,1350,0.191,0.053,0.934,0.981,2,0.5035
1j20qq1JyX4,1350,0.191,0.053,0.934,0.981,3,0.4914
1j20qq1JyX4,1350,0.191,0.053,0.934,0.981,4,0.4984
1j20qq1JyX4,1350,0.191,0.053,0.934,0.981,5,0.5082
1j20qq1JyX4,1351,0.026,0.119,0.991,0.970,1,0.4880
1j20qq1JyX4,1351,0.026,0.119,0.991,0.970,2,0.5068
1j20qq1JyX4,1351,0.026,0.119,0.991,0.970,3,0.4837
1j20qq1JyX4,1351,0.026,0.119,0.991,0.970,4,0.5018
1j20qq1JyX4,1351,0.026,0.119,0.991,0.970,5,0.5006
1j20qq1JyX4,1352,0.119,0.036,0.972,0.976,1,0.4867
1j20qq1JyX4,1352,0.119,0.036,0.972,0.976,2,0.5075
1j20qq1JyX4,1352,0.119,0.036,0.972,0.976,3,0.4807
1j20qq1JyX4,1352,0.119,0.036,0.972,0.976,4,0.4990
1j20qq1JyX4,1352,0.119,0.036,0.972,0.976,5,0.5045
1j20qq1JyX4,1353,0.053,0.049,0.960,0.971,1,0.4909
1j20qq1JyX4,1353,0.053,0.049,0.960,0.971,2,0.5137
1j20qq1JyX4,1353,0.053,0.049,0.960,0.971,3,0.4778
1j20qq1JyX4,1353,0.053,0.049,0.960,0.971,4,0.5000
1j20qq1JyX4,1353,0.053,0.049,0.960,0.971,5,0.5061
1j20qq1JyX4,1354,0.112,0.033,0.973,0.977,1,0.4909
1j20qq1JyX4,1354,0.112,0.033,0.973,0.977,2,0.5096
1j20qq1JyX4,1354,0.112,0.033,0.973,0.977,3,0.4797
1j20qq1JyX4,1354,0.112,0.033,0.973,0.977,4,0.4938
1j20qq1JyX4,1354,0.112,0.033,0.973,0.977,5,0.5025
1j20qq1JyX4,1355,0.140,0.031,0.991,0.970,1,0.5003
1j20qq1JyX4,1355,0.140,0.031,0.991,0.970,2,0.5096
1j20qq1JyX4,1355,0.140,0.031,0.991,0.970,3,0.4723
1j20qq1JyX4,1355,0.140,0.031,0.991,0.970,4,0.4915
1j20qq1JyX4,1355,0.140,0.031,0.991,0.970,5,0.5076
1j20qq1JyX4,1356,0.077,0.016,0.996,0.974,1,0.5008
1j20qq1JyX4,1356,0.077,0.016,0.996,0.974,2,0.5028
1j20qq1JyX4,1356,0.077,0.016,0.996,0.974,3,0.4746
1j20qq1JyX4,1356,0.077,0.016,0.996,0.974,4,0.4896
1j20qq1JyX4,1356,0.077,0.016,0.996,0.974,5,0.5051
1j20qq1JyX4,1357,0.039,0.018,0.970,0.946,1,0.4985
1j20qq1JyX4,1357,0.039,0.018,0.970,0.946,2,0.5005
1j20qq1JyX4,1357,0.039,0.018,0.970,0.946,3,0.4753
1j20qq1JyX4,1357,0.039,0.018,0.970,0.946,4,0.4894
1j20qq1JyX4,1357,0.039,0.018,0.970,0.946,5,0.5097
1j20qq1JyX4,1358,0.119,0.074,0.852,0.976,1,0.4903
1j20qq1JyX4,1358,0.119,0.074,0.852,0.976,2,0.5088
1j20qq1JyX4,1358,0.119,0.074,0.852,0.976,3,0.4804
1j20qq1JyX4,1358,0.119,0.074,0.852,0.976,4,0.4959
1j20qq1JyX4,1358,0.119,0.074,0.852,0.976,5,0.5050
1j20qq1JyX4,1359,0.132,0.050,0.849,0.983,1,0.4887
1j20qq1JyX4,1359,0.132,0.050,0.849,0.983,2,0.5022
1j20qq1JyX4,1359,0.132,0.050,0.849,0.983,3,0.4834
1j20qq1JyX4,1359,0.132,0.050,0.849,0.983,4,0.4963
1j20qq1JyX4,1359,0.132,0.050,0.849,0.983,5,0.5077
1j20qq1JyX4,1360,0.028,0.013,0.976,0.963,1,0.4894
1j20qq1JyX4,1360,0.028,0.013,0.976,0.963,2,0.4982
1j20qq1JyX4,1360,0.028,0.013,0.976,0.963,3,0.4775
1j20qq1JyX4,1360,0.028,0.013,0.976,0.963,4,0.4917
1j20qq1JyX4,1360,0.028,0.013,0.976,0.963,5,0.5125
1j20qq1JyX4,1363,0.026,0.069,0.906,0.957,1,0.4924
1j20qq1JyX4,1363,0.026,0.069,0.906,0.957,2,0.4978
1j20qq1JyX4,1363,0.026,0.069,0.906,0.957,3,0.4735
1j20qq1JyX4,1363,0.026,0.069,0.906,0.957,4,0.4931
1j20qq1JyX4,1363,0.026,0.069,0.906,0.957,5,0.5112
1j20qq1JyX4,1364,0.034,0.054,0.913,0.963,1,0.4872
1j20qq1JyX4,1364,0.034,0.054,0.913,0.963,2,0.4981
1j20qq1JyX4,1364,0.034,0.054,0.913,0.963,3,0.4745
1j20qq1JyX4,1364,0.034,0.054,0.913,0.963,4,0.4927
1j20qq1JyX4,1364,0.034,0.054,0.913,0.963,5,0.5102
1j20qq1JyX4,1365,0.031,0.145,0.882,0.975,1,0.4865
1j20qq1JyX4,1365,0.031,0.145,0.882,0.975,2,0.5041
1j20qq1JyX4,1365,0.031,0.145,0.882,0.975,3,0.4777
1j20qq1JyX4,1365,0.031,0.145,0.882,0.975,4,0.4915
1j20qq1JyX4,1365,0.031,0.145,0.882,0.975,5,0.5075
1j20qq1JyX4,1366,0.036,0.081,0.858,0.958,1,0.4873
1j20qq1JyX4,1366,0.036,0.081,0.858,0.958,2,0.5019
1j20qq1JyX4,1366,0.036,0.081,0.858,0.958,3,0.4823
1j20qq1JyX4,1366,0.036,0.081,0.858,0.958,4,0.4949
1j20qq1JyX4,1366,0.036,0.081,0.858,0.958,5,0.5100
1j20qq1JyX4,1367,0.115,0.058,0.918,0.977,1,0.4899
1j20qq1JyX4,1367,0.115,0.058,0.918,0.977,2,0.5054
1j20qq1JyX4,1367,0.115,0.058,0.918,0.977,3,0.4849
1j20qq1JyX4,1367,0.115,0.058,0.918,0.977,4,0.4954
1j20qq1JyX4,1367,0.115,0.058,0.918,0.977,5,0.5088
1j20qq1JyX4,1368,0.106,0.025,0.863,0.986,1,0.4883
1j20qq1JyX4,1368,0.106,0.025,0.863,0.986,2,0.4977
1j20qq1JyX4,1368,0.106,0.025,0.863,0.986,3,0.4922
1j20qq1JyX4,1368,0.106,0.025,0.863,0.986,4,0.4929
1j20qq1JyX4,1368,0.106,0.025,0.863,0.986,5,0.5091
1j20qq1JyX4,1369,0.097,0.021,0.798,0.979,1,0.4905
1j20qq1JyX4,1369,0.097,0.021,0.798,0.979,2,0.5034
1j20qq1JyX4,1369,0.097,0.021,0.798,0.979,3,0.4951
1j20qq1JyX4,1369,0.097,0.021,0.798,0.979,4,0.4932
1j20qq1JyX4,1369,0.097,0.021,0.798,0.979,5,0.5104
1j20qq1JyX4,1370,0.115,0.031,0.838,0.974,1,0.4947
1j20qq1JyX4,1370,0.115,0.031,0.838,0.974,2,0.5000
1j20qq1JyX4,1370,0.115,0.031,0.838,0.974,3,0.4942
1j20qq1JyX4,1370,0.115,0.031,0.838,0.974,4,0.4945
1j20qq1JyX4,1370,0.115,0.031,0.838,0.974,5,0.5103
1j20qq1JyX4,1371,0.107,0.027,0.821,0.974,1,0.4912
1j20qq1JyX4,1371,0.107,0.027,0.821,0.974,2,0.4985
1j20qq1JyX4,1371,0.107,0.027,0.821,0.974,3,0.4911
1j20qq1JyX4,1371,0.107,0.027,0.821,0.974,4,0.4941
1j20qq1JyX4,1371,0.107,0.027,0.821,0.974,5,0.5088
1j20qq1JyX4,1372,0.047,0.058,0.894,0.969,1,0.4905
1j20qq1JyX4,1372,0.047,0.058,0.894,0.969,2,0.5047
1j20qq1JyX4,1372,0.047,0.058,0.894,0.969,3,0.4846
1j20qq1JyX4,1372,0.047,0.058,0.894,0.969,4,0.4939
1j20qq1JyX4,1372,0.047,0.058,0.894,0.969,5,0.5076
1j20qq1JyX4,1373,0.014,0.048,0.935,0.962,1,0.4879
1j20qq1JyX4,1373,0.014,0.048,0.935,0.962,2,0.5076
1j20qq1JyX4,1373,0.014,0.048,0.935,0.962,3,0.4850
1j20qq1JyX4,1373,0.014,0.048,0.935,0.962,4,0.4955
1j20qq1JyX4,1373,0.014,0.048,0.935,0.962,5,0.5096
1j20qq1JyX4,1374,0.090,0.027,0.726,0.985,1,0.4911
1j20qq1JyX4,1374,0.090,0.027,0.726,0.985,2,0.5058
1j20qq1JyX4,1374,0.090,0.027,0.726,0.985,3,0.4864
1j20qq1JyX4,1374,0.090,0.027,0.726,0.985,4,0.4861
1j20qq1JyX4,1374,0.090,0.027,0.726,0.985,5,0.5108
1j20qq1JyX4,1375,0.122,0.088,0.867,0.983,1,0.4840
1j20qq1JyX4,1375,0.122,0.088,0.867,0.983,2,0.5078
1j20qq1JyX4,1375,0.122,0.088,0.867,0.983,3,0.4850
1j20qq1JyX4,1375,0.122,0.088,0.867,0.983,4,0.4961
1j20qq1JyX4,1375,0.122,0.088,0.867,0.983,5,0.5119
1j20qq1JyX4,1376,0.125,0.040,0.859,0.980,1,0.4814
1j20qq1JyX4,1376,0.125,0.040,0.859,0.980,2,0.5113
1j20qq1JyX4,1376,0.125,0.040,0.859,0.980,3,0.4874
1j20qq1JyX4,1376,0.125,0.040,0.859,0.980,4,0.4908
1j20qq1JyX4,1376,0.125,0.040,0.859,0.980,5,0.5129
1j20qq1JyX4,1377,0.110,0.040,0.901,0.982,1,0.4872
1j20qq1JyX4,1377,0.110,0.040,0.901,0.982,2,0.5080
1j20qq1JyX4,1377,0.110,0.040,0.901,0.982,3,0.4889
1j20qq1JyX4,1377,0.110,0.040,0.901,0.982,4,0.4991
1j20qq1JyX4,1377,0.110,0.040,0.901,0.982,5,0.5135
1j20qq1JyX4,1378,0.109,0.048,0.818,0.976,1,0.4874
1j20qq1JyX4,1378,0.109,0.048,0.818,0.976,2,0.5057
1j20qq1JyX4,1378,0.109,0.048,0.818,0.976,3,0.4915
1j20qq1JyX4,1378,0.109,0.048,0.818,0.976,4,0.4951
1j20qq1JyX4,1378,0.109,0.048,0.818,0.976,5,0.5089
1j20qq1JyX4,1379,0.075,0.048,0.896,0.977,1,0.4892
1j20qq1JyX4,1379,0.075,0.048,0.896,0.977,2,0.5038
1j20qq1JyX4,1379,0.075,0.048,0.896,0.977,3,0.4909
1j20qq1JyX4,1379,0.075,0.048,0.896,0.977,4,0.4921
1j20qq1JyX4,1379,0.075,0.048,0.896,0.977,5,0.5112
1j20qq1JyX4,1380,0.015,0.037,0.946,0.965,1,0.4915
1j20qq1JyX4,1380,0.015,0.037,0.946,0.965,2,0.5073
1j20qq1JyX4,1380,0.015,0.037,0.946,0.965,3,0.4822
1j20qq1JyX4,1380,0.015,0.037,0.946,0.965,4,0.4903
1j20qq1JyX4,1380,0.015,0.037,0.946,0.965,5,0.5118
1j20qq1JyX4,1382,0.063,0.055,0.795,0.977,1,0.4870
1j20qq1JyX4,1382,0.063,0.055,0.795,0.977,2,0.5014
1j20qq1JyX4,1382,0.063,0.055,0.795,0.977,3,0.4871
1j20qq1JyX4,1382,0.063,0.055,0.795,0.977,4,0.4892
1j20qq1JyX4,1382,0.063,0.055,0.795,0.977,5,0.5049
1j20qq1JyX4,1383,0.057,0.062,0.660,0.983,1,0.4873
1j20qq1JyX4,1383,0.057,0.062,0.660,0.983,2,0.5012
1j20qq1JyX4,1383,0.057,0.062,0.660,0.983,3,0.4782
1j20qq1JyX4,1383,0.057,0.062,0.660,0.983,4,0.4876
1j20qq1JyX4,1383,0.057,0.062,0.660,0.983,5,0.5055
1j20qq1JyX4,1384,0.025,0.095,0.961,0.975,1,0.4912
1j20qq1JyX4,1384,0.025,0.095,0.961,0.975,2,0.5057
1j20qq1JyX4,1384,0.025,0.095,0.961,0.975,3,0.4781
1j20qq1JyX4,1384,0.025,0.095,0.961,0.975,4,0.4947
1j20qq1JyX4,1384,0.025,0.095,0.961,0.975,5,0.5059
1j20qq1JyX4,1385,0.031,0.099,0.958,0.973,1,0.4926
1j20qq1JyX4,1385,0.031,0.099,0.958,0.973,2,0.5074
1j20qq1JyX4,1385,0.031,0.099,0.958,0.973,3,0.4800
1j20qq1JyX4,1385,0.031,0.099,0.958,0.973,4,0.4953
1j20qq1JyX4,1385,0.031,0.099,0.958,0.973,5,0.5062
1j20qq1JyX4,1386,0.025,0.055,0.974,0.978,1,0.4887
1j20qq1JyX4,1386,0.025,0.055,0.974,0.978,2,0.5051
1j20qq1JyX4,1386,0.025,0.055,0.974,0.978,3,0.4805
1j20qq1JyX4,1386,0.025,0.055,0.974,0.978,4,0.4914
1j20qq1JyX4,1386,0.025,0.055,0.974,0.978,5,0.5049
1j20qq1JyX4,1387,0.113,0.032,0.776,0.974,1,0.4921
1j20qq1JyX4,1387,0.113,0.032,0.776,0.974,2,0.5047
1j20qq1JyX4,1387,0.113,0.032,0.776,0.974,3,0.4883
1j20qq1JyX4,1387,0.113,0.032,0.776,0.974,4,0.4902
1j20qq1JyX4,1387,0.113,0.032,0.776,0.974,5,0.5069
1j20qq1JyX4,1388,0.123,0.029,0.773,0.981,1,0.4877
1j20qq1JyX4,1388,0.123,0.029,0.773,0.981,2,0.5011
1j20qq1JyX4,1388,0.123,0.029,0.773,0.981,3,0.4812
1j20qq1JyX4,1388,0.123,0.029,0.773,0.981,4,0.4874
1j20qq1JyX4,1388,0.123,0.029,0.773,0.981,5,0.5077
1j20qq1JyX4,1389,0.016,0.063,0.969,0.970,1,0.4862
1j20qq1JyX4,1389,0.016,0.063,0.969,0.970,2,0.5064
1j20qq1JyX4,1389,0.016,0.063,0.969,0.970,3,0.4773
1j20qq1JyX4,1389,0.016,0.063,0.969,0.970,4,0.4973
1j20qq1JyX4,1389,0.016,0.063,0.969,0.970,5,0.5066
1j20qq1JyX4,1390,0.035,0.044,0.959,0.960,1,0.4872
1j20qq1JyX4,1390,0.035,0.044,0.959,0.960,2,0.5095
1j20qq1JyX4,1390,0.035,0.044,0.959,0.960,3,0.4791
1j20qq1JyX4,1390,0.035,0.044,0.959,0.960,4,0.4923
1j20qq1JyX4,1390,0.035,0.044,0.959,0.960,5,0.5112
1j20qq1JyX4,1391,0.053,0.124,0.965,0.978,1,0.4837
1j20qq1JyX4,1391,0.053,0.124,0.965,0.978,2,0.5086
1j20qq1JyX4,1391,0.053,0.124,0.965,0.978,3,0.4837
1j20qq1JyX4,1391,0.053,0.124,0.965,0.978,4,0.4981
1j20qq1JyX4,1391,0.053,0.124,0.965,0.978,5,0.5069
